PC1	PC2	PC3	feature_id
-0.09373829815575521	0.17269103103347705	-0.05588391709269665	29130
-0.14900295964342408	-0.07587884386233597	-0.13787841315918223	12989
-0.038284010462194706	0.1400851492187039	0.013698927674420035	19753
-0.04675587796577162	0.13456606560288542	0.027882584853582405	9352
-0.1318606620877595	-0.04256481193602725	-0.1209063750313019	28336
0.12886343728370744	-0.032427122560473545	0.0968196997076823	32527
-0.1278827072011918	-0.016074619582224753	-0.08322794540399182	24058
-0.06528412174709516	0.12659532889618297	0.014928449077814016	12591
-0.05657047581379783	0.12569477057976136	0.0008725788124868986	19727
-0.044348964293363734	0.12307369098801037	0.030773711948330392	24042
0.0630840391478899	0.0324206638269236	0.1204720254611876	5930
0.03770877461757047	0.10598882899790113	0.11736176513194561	954
-0.11548447077650284	-0.06555858367424182	-0.10614495943953747	25285
-0.10462394082994636	-0.07887475554691405	-0.11519357994805364	4371
0.07430579319143588	0.014521163968818649	0.10808367834352725	26345
-0.002279887357797362	0.10715387381470899	0.040447569496346675	285
-0.008490241988685358	0.08793624408967876	0.1064399553718684	262
-0.031311472369236905	0.10643228084497201	0.0017435621133725743	13951
0.09588743065224653	0.014738243480008604	0.10368572790982016	25204
0.02510118769468833	-0.0033294287410331903	0.0979958993092114	2969
-0.09759635745555577	-0.053512412012198016	-0.09680481453601633	771
0.059902921631004295	0.04336435446964124	0.09647339270499003	29260
0.09519929793311652	0.0130085507444648	-0.037570142405961286	31996
-0.09506019967370058	0.0386134157012463	-0.05412433816207592	13957
0.09480107589130515	0.019916554815669507	-0.07074267463727604	32204
-0.09478108184649643	-0.045258244757109954	-0.08598056124193033	1454
-0.09297745328712353	-0.04663481811267755	-0.07945486434905799	8757
0.07388639804858459	-0.07248208001195852	0.09262044560320866	13159
0.019229667514132628	0.04717382880632346	0.09211337861535275	25915
0.009116464826468221	0.018377781094063492	0.09147512568031425	27029
-0.02395534691070007	0.09010572807033612	0.06823225991738621	20210
-0.08955634646469918	-0.009081643112486317	-0.04959201148316904	20282
0.03143558521847911	0.005913107680094188	0.0894680752359696	25914
0.025649474786550826	-0.01999096656667957	0.08698529222990448	5931
0.055525129553343634	-0.009709731619134247	0.08666808963738393	26369
0.04915510511711676	0.023240168373622215	0.08570368144354205	14633
0.031097306823186947	0.03879864805756275	0.08525218737378569	26757
0.04610641040383487	0.008295193682973356	0.0850862987649975	9376
-0.013763865449732257	-0.08447127314767171	0.042734953372220164	1259
0.049110518370461535	0.006470699216823595	0.08402936202250529	18476
0.03116927645462805	0.027483506192386632	0.08301623670315443	2153
-0.08199661862321427	-0.052324017322899354	-0.08273474138148773	22258
-0.08168704148091935	0.043698254893508794	-0.02009231928787589	20042
-0.05043014898617505	0.08153749189347025	-0.016145002575993408	5309
-0.016826889464570147	-0.0815117464804777	-0.01890231969399746	31633
-0.008130375525941008	-0.02772567885444094	0.08134208711272793	3496
0.01894968168061744	-0.08039395881525016	-0.005035665154280876	7265
-0.08013191829130517	0.04874584267731728	0.028082744718553144	23230
0.07995015955666758	0.013741527168162513	-0.07165709308459609	31961
0.021061900305811305	-0.02145138142551813	0.07980500009378591	11856
0.022125329239600165	-0.0797083749464884	0.012455797882808026	29896
0.009502268790306185	0.042744493145831466	0.07946341146994647	26277
0.06283521600149063	0.025790798156991302	0.07912943887003196	29500
-0.034210059393543706	-0.07887177436394362	-0.007368487055430415	2372
0.02873828231890797	-0.030146932681562492	0.07875912434246218	17972
0.02116954581156598	0.03823848509066653	0.07845071345722882	25946
0.02898592808310333	0.03701079158816935	0.07820920167092418	26456
0.030839201333242174	-0.07820146866671011	0.020485053220761832	9874
-0.006445658068693585	-0.03074523493779539	0.0777380370555839	18532
0.04139964160513135	-0.004203284428851395	0.0775449945471646	26204
0.02719491868717945	0.006420351073554305	0.07740972989656225	2442
0.03632244012042655	0.006412812466937359	0.0772773258223525	10870
-0.07639721689087545	-0.07501552231754452	-0.07707861789093669	7488
0.06773209683316413	0.011037473050906828	0.0768973702232858	21287
-0.0014348131072602337	-0.04228122069214773	0.07672273658426322	27183
0.008990923562429476	-0.07672137004560915	0.0373815958910551	14953
-0.023984287796206073	-0.07665464888446538	-0.020888081069209998	4782
0.007720531175839047	0.025417336648723574	0.07632061238595526	10878
0.07627408178523676	0.012988811241962302	-0.04888681015246829	30289
-0.029566064984492643	0.024675134022902986	0.07564516720817943	1074
0.006704199725499963	-0.07538006120231042	0.01473011322576591	705
0.02172697773831436	-0.006667122858742822	0.07529596360379671	2078
-0.04868695860879042	0.07476697470520982	0.016045194652524745	9619
0.054373912003424514	-0.016625294591647542	0.07426299032199433	8187
0.07424339634495063	0.012374464103243672	-0.044450191616580204	33060
0.008895706075456828	0.013067007693208427	0.07424339477396585	261
-0.054150148008120555	0.0738147130447648	-0.01979882265557907	13324
0.008782467532663018	-0.07288241643541211	0.012085355323045837	936
0.0006318009015125598	-0.01932430146254091	0.07267209942913631	108
0.02776611375326287	0.0253285691499648	0.07258163198311868	3545
-0.07256045737176439	-0.04502027912909939	-0.03803265030199368	13551
-0.016710729875476345	0.07252763063564291	0.07122742539406497	1119
0.07233146842088613	0.02209140335101793	-0.04916727473478391	4043
0.03490764210334091	-0.07224284360558553	0.010511418353587303	3256
0.07079094595683294	0.004686652052802954	0.07215370567651011	22811
-0.07133766131499268	0.06355346166596873	-0.06171751076189742	27561
0.05611338562747901	-0.02543824240620149	0.07131054871285998	27504
-0.07124872189331212	0.056334173078844356	-0.012047926799128594	18481
-0.011369195603401609	-0.0712087845083038	-0.01297190161457383	30145
0.01127828337063543	0.03769094489856273	0.07067045293012383	26585
-0.03216374829398519	0.06917144103153983	-0.008576099957937948	12808
0.028117774344698573	0.04411388738514754	0.06888246970624068	25288
-0.0006205804505749253	-0.06882891211378898	0.01853094569624026	24378
0.06827676121693274	-0.0028157438553171816	-0.016028368089668305	5717
0.03829549511848771	0.03923609983656608	0.0678906608164231	1088
0.06765551265773095	0.03564141587753788	-0.05550431133626007	3613
0.02252628550003309	0.012617205187095224	0.06730813229962475	15670
-0.023900231399973156	-0.06718673536900975	0.01993280175752058	13416
-0.03974870571806216	-0.061591369288285354	-0.06686353334140487	6735
-0.03658530744594355	0.06685586276378278	0.009599198547070453	13954
0.018199116277253697	0.05132953760709804	0.06680708075555976	12128
-0.06657972084667099	-0.040129245550138345	0.0006963542558399724	15063
-0.04051353066265018	0.06648576772224522	-0.04212866139331728	6871
0.06617136168776992	0.03179458525862979	-0.05050527640814556	32256
0.011170276711464866	0.04603972191221131	0.06581684383155344	21023
-0.034199948380479586	-0.06571308199123578	0.035200398253009975	13332
-0.014957500425361663	-0.06537160163132964	0.004229460655637986	19932
0.02344219293829637	-0.06536433287694889	0.0048752692612609215	27139
0.010225462452401917	-0.06531926627569239	0.01701022981168696	32952
-0.06526509901666483	0.007236192638356942	0.0023833647323452606	26659
0.013733804480764413	-0.06507038137626871	-0.014333650769591096	31564
-0.007735747846360185	0.003951132228758433	0.06489171379150718	24992
-0.01565760744189288	-0.06465186294974608	-0.0371629735161563	2575
-0.003986569997100573	-0.06463249962450744	0.013959289597374408	25298
-0.006776256672576159	0.047261202108571355	0.06437247861866857	23625
-0.026024575800653614	-0.06430686720575433	-0.03154806253980868	27827
-0.03852531690359602	-0.03985795487197572	-0.06416539707511097	16621
0.013472210469120937	0.005230826919398046	0.06392692748510397	27503
-0.05199645578535847	0.063793277224434	-0.03955842355136619	3252
0.007620804160406259	-0.06369959839387296	-0.017611636117085903	24607
-0.0635197941006544	0.03439096213170721	0.0034845905357660835	1470
0.002760920436738503	0.06344879577655116	0.009727080507275845	28997
0.06322063470818871	0.057172332655655966	-0.031092995968789203	5327
-0.028092082142723636	0.06321070618141574	-0.02815306134994355	1620
-0.032526658778154784	0.06289992508044191	-0.030752647982152864	21713
-0.03116267546533665	0.06282495144013588	0.005978963405131759	20623
-0.037187746049539804	-0.06256800759128044	0.007805998279074202	5064
0.06256574735632077	0.031190710897717237	0.018295129035114918	4219
0.06252851059144889	0.03525920593245403	-0.048926628074399396	32303
-0.017504234806442347	0.06248952377755226	0.002339374129735487	1801
-0.06243077412213433	0.002292289278349928	0.03052180898844509	26441
-0.014275844703860953	-0.0623856966401696	0.020872448779324843	1894
0.06238438943620343	0.021610574849273565	-0.051847589357717674	32021
0.025384217954206346	-0.04849520840676385	0.06220849452277075	1457
-0.06215914349800072	0.018885279565204468	-0.015061601383324049	28112
-0.06195507105238676	-0.030720421138635236	-0.007166062231103503	30768
-0.008496990011747274	0.06194195248102013	-0.04113001158661507	28888
0.03544999413569266	-0.061661388601027836	0.0015759825974323062	30765
-0.018695830325958486	-0.06161765418810201	0.0056287238707331926	29424
-0.060329931457162644	0.06157860869477922	-0.046736672049178606	19003
-0.02626081744051176	-0.06152609307483689	-0.020317513448393918	27383
-0.03954523794848208	0.061454915451291045	-0.04147410677104565	12429
-0.041617017022380305	0.02100333932286171	0.06140424760932342	7111
-0.06134201407632006	0.00920706462619512	-0.03397548120611841	28068
-0.061324470910284035	0.03937023541627294	0.01733324731234855	25893
0.028525777772819564	-0.015016163307465037	0.0610137486152182	19886
0.06099109617979117	0.006013056116666701	-0.03816625381064589	21714
-0.02503887851702442	-0.06094941642392322	0.016997822166092736	345
0.018211450147742624	0.06083156507790395	-0.021753723229875285	24108
-0.002170263990881889	-0.060394686747857966	0.015601438117966795	21421
0.060143125221599814	0.03338684608159026	-0.045656602240565336	6133
0.060114140504789144	0.01772312670595881	-0.03576336038928239	32259
-0.05982973145613326	0.027746686875972162	-0.0025507418892058774	21638
0.0054882295794807705	-0.05943973456731195	0.022104602826430546	23964
-0.003910970698827579	-0.05914790915094875	-0.04083326518215361	7391
-0.017469691887548985	-0.058423941513597255	-0.023099502472390943	19763
-0.05214007431325788	0.058153424206617406	-0.045183295675360904	29611
-0.05810920169035714	0.05177685917897045	-0.015255441741717165	26738
-0.05804558920458216	0.008100061640601067	0.028399153662067595	23740
-0.057759613120463925	0.010740302637681534	-0.027678615879104754	29081
-0.05761195246809665	-0.0034642315015943085	-0.014485393984457421	13761
-0.003594274047209036	-0.05742280953777379	0.01447931934955624	7249
0.05711118984933822	-0.015199012795588603	-0.010609022045002752	1071
0.01094591066280521	-0.05706357766855788	0.024407212346023874	29236
0.005772625179688343	-0.05682077186348457	-0.03928248582952146	20888
-0.016650789457293452	-0.05643125802398664	0.015541070484663353	27506
-0.013257333687174664	-0.056375278307777256	-0.011247861279387521	30121
-0.014473483967508503	0.005621461838782722	0.05630347368204686	3513
0.05001044209812815	0.022246222739165444	0.05621855277702731	5611
-0.019011664614735847	-0.021803583678110472	0.0561265099324564	12132
0.041142124172060805	-0.032120052170574016	-0.05594012905372789	31043
0.055859307505716445	-0.02274211375718591	-0.0415361000045211	30301
0.028386886885394053	-0.05565242202190056	0.002848245371673076	28032
0.055596244592835645	0.02132512096137367	-0.034951228443996715	6979
-0.055562033633179284	-0.023604709043314444	0.000908093342787499	24484
-0.008203994581252587	0.013826553897583584	0.055459537070010265	24207
0.011699842847265985	-0.0554240174706822	0.01264663945475544	31547
0.05533269331981207	0.006025705849912765	-0.028099687946954915	2542
-0.05529123705988515	0.051964825313343954	0.02571701449080123	5907
0.03038054455036299	-0.0438679992453111	0.05526551549497206	2357
0.03282617660051168	0.014549267003671694	-0.055083906753173977	4245
0.05369678336531525	0.0550682978197989	-0.042305011952530946	32182
-0.05443960627643459	-0.013402530305062055	0.017064674498837345	5873
-0.011887081446909904	-0.054400476473506175	0.035532401220172344	29954
-0.0543164263338654	-0.010542207524365955	-0.004542147540636228	22311
-0.019910359077990828	-0.01619747064246731	0.053832956371030055	12595
0.053831262839672794	0.026332172714113984	-0.03017721815144605	17871
0.05364209446035466	0.011887263200775143	-0.030802558089752668	7987
0.053458158968518944	0.025682714502134506	-0.03982589766400413	4604
0.03974613950635132	0.04811487008150495	-0.05324449964369498	32081
0.01811239395867771	-0.05323900938669388	0.034475930790539296	2185
0.05322523354894785	-0.015217234401049344	-0.01957410123436161	23706
0.05317327987723867	0.026272348506472296	-0.044268709742607076	4390
0.010437432996492498	-0.05312797201734638	0.029329396649214756	3103
-0.018296611538921904	-0.05311718989444011	0.03943219741546515	1656
-0.0028989771839343006	0.029106157761713828	0.053053093297953886	9912
0.05297609026044388	0.007345053868228711	-0.025386844012910133	3527
0.05297267534679	0.038522807557149145	0.04634956213968294	15866
0.05289924919989165	-0.0045044084465142645	-0.026558043953406347	1222
0.017315047454865052	-0.032730318347866195	0.0526103893692737	13359
-0.03790786095760384	0.05249088641089146	0.013835950773179824	20800
0.0017094487273313708	-0.05244848722833105	0.003265670475840787	1581
0.00867341579053275	0.052333098029544334	0.012190753218517831	5389
0.007835174058481923	-0.05230454776689923	0.03609147788438568	12098
0.052293084182879965	-0.007201452056247757	-0.04562082720871105	32597
0.05228602966758792	0.030518150291111275	-0.041388036747231544	5946
0.0522466584962939	-0.0026790564621130115	-0.030150471955361167	4920
0.005636082031546025	-0.05215603016633398	0.003538291679601383	26996
-0.052110330057623847	-0.03160446274377004	-0.03625838824291519	24355
-0.05183033309296986	-0.017575481211382797	-0.011645059375982725	8772
0.004646871619367554	0.05179397055419627	0.0230460381689577	760
-0.05170477430372629	0.012875814742935011	0.02856416322420432	1661
0.05157996280709558	0.025303098829626	-0.03940008777085412	32138
-0.051524634789107085	0.007143826946362602	0.01948569429831638	25733
0.0060817534151996954	-0.05147732243846285	0.006725410007022255	2031
-0.05110465569549522	0.005688508223767461	0.03554711865959477	1368
0.005911929642314662	0.05093458015541422	0.04698018457305312	7356
0.008359144011731875	0.0504963631903605	-0.003005141208789629	32760
-0.050183203275994584	-0.007973102714808398	-0.014019017089931704	22529
0.005165749444704033	0.05004362114860336	-0.00016110202644692773	823
0.050007048881183486	0.004132767283788478	-0.03370062585951149	32727
-0.04999564685704052	0.011884553721720792	0.024177180057258236	1178
0.03293823894976598	-0.049574628311524295	0.0011691874122116651	23207
0.0030244739282818973	0.04955469019860635	0.0025274352427615164	9292
-0.006985443505540986	-0.049498224735042194	0.00919255875213874	29958
0.02176926437022986	0.0494941529720761	0.0346874415583358	7126
0.04942634489634288	0.027864443345375706	-0.03650229511419289	6847
-0.04937256143901362	0.013040259301780023	-0.04714350128723805	2361
0.049175158409791024	0.0005103949757204866	-0.02607526126022588	32137
0.04905162341404756	-0.009901063169525364	-0.022626167120271955	4793
0.04903718474663644	0.026966630499642742	-0.03890309725903625	29351
-0.04214979720299198	-0.0489082385032283	0.010710614569800977	24828
0.008578945421283773	0.04889335846613073	-0.002873144438433522	853
-0.048750982779044626	-0.029513562293655968	0.02044695000348016	13564
0.04872473539917204	0.025236157860228627	-0.04649594394022504	30635
-0.04864228376425396	-0.018767412536059392	0.0280876357352522	25280
0.0037559152348237874	0.04862590409832533	0.04000660670916107	23757
-0.018949362854563986	-0.04858103999761441	0.021436229798852655	14193
0.048508982865485446	-0.014952017148960718	-0.01703304203965503	7850
-0.01197588854645129	-0.04837283258543798	0.02870601857688914	699
-0.014529620969942892	-0.01916500376094953	0.04833750120762987	19801
0.048239017022309316	-0.0175395927106604	-0.015080110618435604	5011
-0.0481198878773954	-0.009552781323542715	0.034190939261123994	5856
0.009517681043711023	0.04806457107230446	-0.0033036262900146933	20189
0.009605748398196926	0.020808891433373073	0.04802715526964035	3457
0.047933984121929174	0.029951069475318812	-0.03838099639007227	32599
-0.01435425683117139	-0.04782532550825291	0.015499717445079542	8262
0.04780614399935711	-0.03799035126020476	0.0033727289191793257	16437
-0.04770983262886858	0.014007443853281513	0.004696893495219377	10868
-0.0195704207258668	-0.04759733583287885	-0.02087840726577412	5530
-0.04752301088267739	0.0060666357668630825	0.01775635449156808	3401
0.0028825555691974073	0.03659404892002155	-0.04743840571540576	5220
-0.017254777983035142	-0.04733295212304703	0.02744241529223235	23217
-0.01336554658809839	-0.04727651489394272	0.045474715103819535	27981
-0.04722919719734238	-0.01830172633704655	0.020356813413225348	675
-0.019879396433386248	-0.0471745879600219	0.035412048662733266	30794
0.04685201839804826	0.02160948416167138	-0.02838052223252361	6028
-0.04680383023715724	-0.022164086561664492	0.020477315115013748	25374
0.046770936729643525	-0.0015965425368571727	-0.02987620592988534	24599
-0.012869650020945292	0.027925638195935864	0.04670484720558483	1060
-0.02078652227485757	0.020871488806320292	0.04665067861946101	26684
-0.046613244202880225	-0.014559314360501488	-0.03544964830021605	5371
0.04660134619859859	0.023786216913673306	-0.038658918982552866	7438
-0.04655561958586776	0.00986389220028768	0.01032982096192151	7417
-0.008838180705385687	-0.04626719139112262	0.011382196499859349	20156
0.04625076011564343	-0.003819499570598008	-0.023448340395652866	32319
0.0006595502983514375	0.046244071923299344	0.00462133012638718	484
-0.03603451412534546	0.046209931481132185	-0.0005508201364252496	15963
0.009183847638713417	-0.04615611529762966	-0.005459261573268593	20719
-0.022968038062513817	0.04605383586609315	0.028062579063434397	28083
0.04603988453373927	0.008281510926909381	-0.021148239047260493	23127
0.04600908941474182	0.011299893596498935	-0.02590509152285026	32073
0.0369370220257931	-0.03720716799842217	0.04600369820893624	28480
0.04597344615349315	0.002275245855942434	-0.03183044760689519	3670
-0.005711312373701544	-0.04595955347327938	0.02543334878497439	12678
-0.04133489397131184	0.04590079903479346	0.01995817298177399	862
-0.045884749381845794	-0.01965567352923516	0.012786697260943993	29058
-0.011866462593263523	-0.04579076271637614	0.017416906883618216	26981
-0.018774440202640134	-0.045760856794789306	-0.014039010204665183	29463
-0.04575795522549788	0.012998038670027556	0.024384080740597114	15778
0.045670165779902246	-0.0061660301502639734	-0.023607530438682606	32195
-0.030875680858183232	0.04565157892092257	0.012674896816527129	27864
-0.016948199945249823	0.002539778123030755	0.04562605690198268	11885
0.007115633947999562	-0.045454142901572826	-0.005424856680487558	1348
0.018849214872751766	-0.04525840405151377	0.019669725120739136	29375
0.04523889836785029	-0.04017899600285445	0.0061677442299828585	32377
-0.04522314374319359	0.03736042741894716	0.01383040716131654	12715
-0.0003346512712037296	0.04490462877706298	0.022433612957057616	147
-0.044894689103182256	0.0053766521574725975	-0.004866789524637054	23882
-0.04489400900937054	-0.021858282081875752	0.04196326633300776	26201
-0.044859149405476896	0.026469593380596946	0.012006117140419263	12982
-0.0018910613136284412	0.0380633782796702	0.044591081461767774	10551
0.022960382065856124	-0.044563990076414706	0.018550354125018702	1142
0.044529931809720494	-0.03669023675496275	0.005873251426740758	6271
-0.01701485642284161	0.007192344166081546	0.04427283812346251	26565
-0.02601228167964168	-0.03471324603934723	0.044256335020100325	10694
0.04417389532903556	0.024250289257518293	-0.036833880817867995	32898
0.007678770846175128	0.00039028990067818486	0.0441683578039372	22668
0.004184053142848699	-0.04415536632408298	0.03253883213194819	1546
-0.04414806564126578	-0.026595471889456913	0.01588531297404423	12318
-0.016575890126149545	-0.04405817157692689	0.022527041303520946	12785
-0.025464788485878808	0.04393029657788288	0.024425592251449416	18152
0.04369078906864378	0.024227916537132937	-0.034078256303826125	5858
0.04368236420896629	-0.01412280723529294	-0.013509442773198028	32254
-0.04353070176351837	0.030862925179540646	-0.03372859971709795	13873
0.020051711394182756	-0.04340089996035081	0.014024356686785117	20560
-0.04334886134966288	-0.019445712582438927	0.0321491796697614	21641
0.04330024689433413	-0.032458590179321865	-0.03251113920643577	4756
0.013819377260721482	0.04327335266351843	-0.004939276764347953	8492
-0.01763138339219075	-0.043266087746137986	-0.01615597842117698	1032
-0.043260986025791155	0.004180725456040833	0.03244535768349311	5002
0.043213800134479244	0.025903014687331024	-0.035864431740507	6425
0.04319965779124175	0.03658790842810761	-0.03668586069193785	6538
-0.04317595392852276	-0.003559298969139924	-0.033955076109332696	1601
-0.024717889468261704	-0.04201816975134843	0.04304644104310693	2965
0.0080613516717852	0.04302451473246432	0.027584912745300803	20325
-0.03394184595970109	0.042970968961522034	0.01614674199614793	30218
-0.018381719842230318	-0.0038350469053862538	-0.04280335580397242	29245
0.04272041360904091	-0.005988763933558359	-0.027602667701034533	22380
0.00034772043844892976	-0.042669278132652685	0.005016040964433996	22924
-0.021628974001274403	-0.04265567002425174	-0.023494960923527333	13238
-0.04244309442134839	0.03676181851923746	0.010638302566866287	21831
0.02330764640921554	0.042434293061623364	-0.007073954729307768	1994
-0.042349370982201234	-0.042032667775500854	-0.03823058473333631	14130
-0.04233251813332198	0.014239374860963354	-0.036424348715671316	11588
-0.019708570033645238	0.042290414577061806	0.026088160940363224	8039
-0.020103083051563865	-0.025404739345926627	0.04217749905600049	25822
0.0007381344814620057	0.0421695908328479	0.029425031704614454	10871
0.013151771592550925	-0.041968971651355394	0.02210347305775161	27043
0.0009372597974777693	0.017541271639645077	0.04195549015008058	24867
0.00013963496108831242	-0.041886853735451174	0.028830185010531775	7570
0.027281404203585626	0.011467016147910278	-0.04181668341979932	28618
0.041784425370220396	0.008701016211506915	-0.03356061229773011	22572
0.0011078165074918792	-0.04175000364080804	0.023208723131764277	12162
-0.0415855741823613	-0.002050977853276732	0.028617083398703128	7951
0.04155960096607624	0.008928600875288503	-0.030526447213806176	32300
-0.04150160302275102	0.028864072577148115	0.040498702402817985	26788
-0.041442838045056225	-0.007094264978504855	0.005305051869821009	888
0.007015891545303316	0.041392363921488005	0.0009754898082828762	14045
-0.04135686227318471	-0.027992900510134453	-0.01066679038104842	19671
-0.023675403858890724	-0.04129828421792623	0.038238351269602504	26713
-0.041258073302523464	0.02149292555411661	0.009926212703957039	9339
0.04122649523876785	0.006620067951641465	-0.02219641977917006	4497
-0.04122285117607243	-0.02872125497214322	-0.004435368842652107	1197
-0.033968683416865375	0.008980607500540343	0.04121334438914536	26782
0.041149502108572704	0.020972276578200798	-0.0381379009770376	31941
0.041113872096525526	0.025161097998167674	-0.0336143923465258	1413
-0.041068916540325746	-0.011520913800610046	0.021083784153778932	21047
0.04088422475964056	-0.00882203401112394	-0.031922997212993985	31287
-0.03271371446971735	-0.01858745335714501	0.04084027359047106	26338
-0.040533821108990925	0.037079854533802574	0.03257173090847467	22958
-0.015846377022724876	-0.031833690155177376	0.04045290762772704	31119
-0.02748587559627351	0.04044381396780398	-0.011281147504946975	12148
-0.040326189893281704	0.001675073487899716	0.013519538789887283	30644
-0.03226276991879854	-0.00937254348279644	-0.04032533991710804	14022
0.019632198398223978	-0.04022128465431502	0.0016352970151012531	25515
-0.00858597333720031	-0.04018698191121576	0.040016614196824875	6306
-0.04017655156445834	-0.008635100189232067	0.01892682628410423	28319
0.04012995448367442	-0.0033525239994347407	-0.016962654117838514	30713
-0.01022209938065441	0.034384863053029444	0.040088927250418994	27455
-0.029482170803722393	0.04008384330647961	0.02635019417542968	1063
0.040019707384582555	0.00043426475832224263	-0.022931169987115793	25045
-0.03610943164592451	-0.029874616669912923	0.03999671205732339	1363
-0.0043569482463100264	-0.03999087039456263	-0.02015663858938126	20980
0.03410113636061588	-0.001038521802614285	-0.0399149634575716	24648
0.031096002637065353	-0.03987214250026736	0.004975101807845849	28687
0.017765539715270073	-0.02190859917863182	0.03984164157874876	1996
0.002547713855076764	-0.03982962943949429	-0.016285155517280193	14511
0.009325097245274059	-0.03981000887299042	0.02009632801824651	29160
0.00023217206167797168	-0.03980296062045455	0.01582048538794195	28107
0.03972031403358871	0.004552481935430447	-0.02508999671098591	32196
0.03971720991364739	-0.011239110453177121	-0.005300334954653427	25628
0.03967116179451483	-0.02536913303668159	-0.008508171275923532	17141
-0.039425734525186336	0.002385407266381818	0.022313047307819852	24584
-0.03926506165269103	-0.022808542679393407	0.02627159524267885	514
-0.01770252885482786	0.0392572654686288	-0.008674992490713662	18373
-0.011347852934838726	0.014176668671472473	0.039199875862389065	24669
-0.0318235013866837	0.03916265611481816	0.02169524763397255	25998
0.039067764383012384	-0.01116805318527987	-0.019737341733697938	5616
-0.013775513384337293	-0.020537030176571592	0.03906296091495424	21746
0.007680430072921918	-0.039052781537476405	0.017018117441213083	13288
-0.026059378257928797	-0.03902796018370179	0.01932479339460044	27815
-0.03902154822769127	0.006861632919737782	0.012631664376364041	9698
-0.038993318232685335	0.016094152880417004	0.02368248162024135	26605
0.0389696756339866	0.02654302728127575	-0.031220503563299765	7872
-0.03426066913149947	-0.003221450379318132	0.038901479252663136	3246
-0.038866750357344625	-0.008692453500204068	0.023257504798827305	1267
0.03885880116330645	0.025211307346616908	-0.008975183073420798	2143
-0.03879237587168576	0.014948102963774693	0.027120729332540457	14695
-0.03873112977740506	-0.02282887999701838	0.013741729749618094	19928
0.038606492043276354	-0.018664044132489174	-0.004568530310206939	27027
-0.03856332352114035	-0.00941906483526513	0.022862160877890787	26295
-0.023638449463740115	0.03852804021534768	0.03294910362906086	25423
-0.03846957095877862	0.031012010405031706	-0.0071084967473785485	13595
-0.028734678983814887	0.03846810416109059	-0.010592257676445149	29561
0.03839556473758627	-0.02399949364681814	0.005218090947686883	23297
0.038331253533247386	0.0187087716951181	-0.025499903129586554	23760
-0.03280989600537259	0.03831970999018903	0.021035783675151746	11462
-0.03826905712213651	-0.004448926337091514	0.017404446812884083	18243
0.010402740641807396	-0.03822199081065544	0.010189714646243624	16291
0.009148865220975176	-0.03821255698098724	-0.0032997082985292254	30630
-0.027826863219599225	0.03813346134815705	0.024232338781271085	28290
-0.026909277401358976	-0.029090938550926527	0.038035098517910024	20255
0.038007425109754536	0.027022782545323216	-0.031348206461442575	20915
-0.03789824515502372	-0.011387176630139906	-0.0024512581594249554	25640
-0.030646248641047532	0.037871045452234145	0.02682248716471312	7778
0.010697678793514735	-0.01809798882938698	0.037867588831108114	24552
0.037863007646042446	-0.0035047733995784373	-0.023482036846294223	28815
-0.005743506476143585	-0.02730488268893683	0.03780564890959859	24391
0.037781503921265905	0.026877421801095636	-0.033234560826059564	2416
-0.018273711574138762	0.03776367750647162	-0.0015230910569211178	14657
-0.037746975956085664	0.031109416970576058	0.0002752843892828138	1821
0.03509161557202633	-0.03769930710921561	0.006479725967315443	25305
0.005322945895625546	-0.02590129126515321	-0.037675453432175675	31412
-0.01957057385036895	-0.037641322161734034	-0.01487691153480369	28809
0.037598385957444976	-0.0034032871656003182	-0.026788494860270833	3416
0.03758552997540233	-0.02012022333252357	-0.002016574090467748	20304
-0.03751421813700948	0.026556716759639953	0.008626758392942064	27087
0.03749091122444662	0.02234033931895792	-0.02896214359917993	32308
0.03277934657592043	-0.03745026126899983	-0.007832573166809888	15349
-0.035836850023899615	-0.014123628516888092	0.037339402569239316	29059
-0.026691131841042312	-0.004056836734931772	0.03730243071947126	26314
-0.010580033969702222	-0.03697146517061829	-0.030992249489739367	18030
-0.026318710045384247	0.03686375404547098	0.03354228209855183	12806
-0.03684773723932797	0.003857967185416103	0.006623329967400151	30085
0.02644910548479434	-0.03666951114342783	0.022810588054767645	32637
-0.01988527192062193	-0.02620583218866613	0.03656788761651891	30538
-0.009690820598706797	-0.036481302008123585	0.002168260173296848	724
-0.03205765590149093	-0.004469270838364333	0.036348758957756064	21794
-0.036229737864009647	0.021488761785349614	0.019993346731485926	18480
0.03616747423114938	0.02301013261723123	-0.031562626442868336	3584
0.03614857067745177	-0.006726859948425154	-0.028743773048440134	32271
0.03449477626293532	0.018866955630228326	-0.03608955191842008	3838
0.004990002695722525	-0.016624805677839097	0.03596631364138547	28434
0.018376499300266885	-0.03596381756975432	0.017240815105246554	2052
0.002379265149228929	-0.03593543958423319	0.008920618521371913	29275
-0.03592393914881748	0.01842739977904152	0.01075133549327742	2531
-0.00933997007869763	-0.035854074040528296	0.0020166077441536646	11228
-0.019465830554409907	-0.03572103077094466	0.01511608706224593	10331
0.035639184749481176	0.004453035283192307	-0.01975156810033182	2798
-0.03554649261326219	0.02737516933767044	0.009041615573788929	30673
0.03542592080412535	0.012429489779438618	-0.026896634267165254	28688
-0.035414499558498624	-0.02870906448005815	-0.013868491174350555	26365
0.007158202292424577	-0.035397541014311994	0.014794966083960108	2064
0.035300642248413956	0.02246609304172112	-0.03013539689395302	4538
-0.03517498820841664	0.010930892194132692	0.006714718034334147	23937
0.033087865743955155	0.027740362788421877	-0.03516813950556768	2586
0.03514430893524817	0.013648106123820844	-0.03323516822251128	32149
-0.007971429777480686	-0.006148276066970294	0.035108602712523765	29313
0.024659334474286646	-0.008807062758674263	0.03507446643838333	23672
-0.032960860673549856	-0.020876173036092727	0.034917835117970766	2167
0.03485193191728324	0.02272937646160045	-0.007111929516306853	15084
-0.0162396996558262	-0.03480057324835146	0.019471418324026137	13667
0.021521904542905524	-0.034735151605391756	-0.01684904583545944	11814
0.015712948370277882	0.007997172744194533	-0.03472782966508039	14945
0.03472517053928326	-0.005395127919928698	-0.012576943970945813	19534
-0.022490813667360388	0.034613413159061045	-0.015879834732050405	8265
-0.0015642130294803486	-0.034591649826375664	0.01836054277032528	22844
-0.028659606134734002	-0.034569958759274745	0.02521305363996029	25665
-0.020062192244661606	0.004583035808603407	0.03456108333713707	22322
-0.034461335235413386	0.03229882459986369	0.02064003991263338	8068
0.01428576881971427	-0.021010231685515014	0.03444305459512121	1255
0.03431807375334449	0.01459582623124309	-0.025724347189550304	4563
0.02338203398674778	0.004717845847164768	-0.03429413613336723	23155
-0.02106010617728316	-0.03416769314163548	-0.002374981763091193	616
-0.03410232845481453	-0.004006125305904034	0.007412108582046124	13554
0.009525403265892653	-0.034088509087800624	0.001171863353727502	6285
-0.03406873015978949	0.013462904906488412	0.030197525906244235	19386
0.03397149216657358	-0.009310387691182368	-0.019527589521269522	5235
-0.01962568164168895	-0.03386963046378634	0.009517074764753749	11957
-0.02853677383354189	-0.03386653252222068	-0.005695301985857116	29032
-0.019809784356733116	-0.03381572724517393	0.023953060354177533	31134
-0.0016854221151568957	-0.03151466380010102	0.03377399001608451	17181
-0.033705232855748016	0.027010733559549534	0.014131677914283242	27101
-0.015628936681033795	-0.0033593729430434296	0.03369234173372454	24184
-0.03365338316933964	0.020811893155969072	-0.029334443413029862	955
0.03363566706661323	0.008263409320960004	-0.02979634002803958	18747
-0.033590417688718614	0.0011044252057274611	-0.032094617947557094	322
0.017453633611458314	-0.03357056105509532	-0.018978693150405172	29127
-0.03292668927763933	0.033546112398104476	-0.006470935150203885	29567
0.03353496046805908	-0.019805598800469996	-0.0091709414514502	15021
0.033348716989799375	0.017762237000942056	-0.02739554586954956	32320
-0.029662453637278662	0.03334252698926849	0.024741357664431363	27906
-0.0333212956429639	0.02214899698764972	0.011457548825284764	11764
0.010960414743070414	-0.03322314235943744	0.025649998033388008	28856
0.014616452946837739	-0.03311305514393565	0.0027050830416997284	5459
0.0315688157743255	0.016006820855720694	-0.03310193752967966	32242
0.0330913747877432	-0.004190923324422465	-0.019280930788249086	8051
-0.022113521593395365	0.03293732865100117	0.014587433922487512	19517
-0.00245348702077869	-0.032825565907816406	0.010041373601475357	14293
-0.02788630933155322	-0.032822537475433594	0.030432473944505375	27727
0.032565800688054536	0.02004606591989059	-0.03274916908463156	31292
-0.032725312977307165	0.031021899713804754	-0.014189592036181175	27222
-0.020780604361476367	-0.03269429929261358	0.012025244784980774	11925
0.025016750376149602	0.01521858077669726	-0.03268568953393129	5228
-0.02235308706543736	0.03268481175963674	0.01527585002461317	5249
-0.03265438150216089	0.030359485352136922	-0.011398280400450133	15759
-0.018771301739640076	0.007629402967107213	0.03261915526668749	30901
-0.0247115407944029	0.032555718948936004	-0.015909811865918173	16733
-0.026074902395506198	-0.03244459885426544	0.00761497277462882	14039
0.018702637014373275	-0.032426596386723294	0.0066353756285892395	26725
-0.03231592584640143	0.011046129697872073	0.009964589980295386	21881
0.03213685020445289	0.009759230638782267	-0.009728962966137249	17481
0.03208768234522493	-0.025153657453618476	0.011216186095623021	32569
0.03205109253344228	0.020298537687751767	-0.030675912504844634	8055
-0.015541300970153866	0.032019754304126985	0.03046276946269509	28042
0.009060955920907407	0.03192538961323967	-0.015847443548834182	5627
-0.0015081521953618433	-0.007468693794456838	0.031922325845171275	17069
-0.03179649308557775	-0.0022027903550625315	-0.0032220303236713487	5062
0.031776825833755656	0.016952983134845976	-0.028128846733809963	20532
-0.03170204925154372	0.007770243291458754	0.009512718072280447	12286
-0.025831997706053367	0.0013868831886223818	-0.031701584329131116	23313
0.028843813788687795	-0.031695725346975415	-0.020595821136729146	28517
0.03169233412027798	0.01605699438382647	-0.02406391784292399	25663
-0.013911779678022141	0.03158932078379834	0.02314517512162902	8391
0.006478087891388946	-0.0315831131879543	0.008453324818916575	7333
-0.008353982598941512	-0.03157925396130887	0.019893212220148195	14264
0.031459946758459645	0.014309792512271229	-0.016922544394624702	31543
0.03142145374863826	-0.026434915067275626	-0.0010940283209825512	29816
-0.0313179320471992	-0.00853624361028791	0.003817720809899424	12584
-0.023066392723831396	0.027547082714246357	0.03131155532662253	21324
0.020284115405437255	0.01213284443806884	-0.03126263095233667	5191
-0.031225510220849753	-0.009543056509561911	0.015521709661516106	28040
-0.03012918214121485	0.031220944750038983	0.018185526606297037	30061
-0.01968519041130867	0.031173616536734942	0.01560312589898592	1804
0.03115091807520967	0.0069063456193562646	-0.02418395030490383	1343
-0.019572722703374422	0.03114598665463946	0.008634837115611887	20995
-0.031138657960105225	0.005171759630251245	0.002431396791187683	8449
-0.029620531922355014	0.031119279404989167	-0.016986227321994	32999
-0.011223416526963716	-0.015476381257385523	0.031111890333606524	21249
0.027893345721137632	-0.007257557026408746	0.031051236163155162	10339
0.031014197974141337	-0.022317279440866644	-0.0065136698913630785	5908
-0.00103419179623141	-0.0309709210512139	0.027128502831443742	8191
-0.028686911734699276	-0.0053413706443203	0.030938610466295115	29440
0.003149080151147458	-0.007381096349150327	-0.03085541311410977	15743
-0.014989481676852264	-0.022348922432865685	0.030836661691778552	3259
-0.0020856925998225806	-0.030780443460257222	0.02322041770155178	19926
0.026024549485546125	-0.030734845460781625	0.00562785361030144	30236
0.03068856391865297	0.024685360386705272	-0.010423258593666213	22081
0.012569156509560246	-0.030668088224853028	-0.020819711793924296	25119
0.030641058122614414	0.005284329315944426	-0.011397598825117148	17958
-0.02389712109225564	0.03060283944866704	-0.020062842443856373	5919
0.030571949905182118	-0.008505193074488195	-0.00032457093044877086	28273
0.01975827896511844	0.001378648863750117	-0.030567165619148875	19016
0.013594318912876307	0.0004661254529964144	-0.03050822478453747	28097
-0.030505975269806737	-0.016405939702395206	0.015913596986015195	1662
-0.010483496113071119	-0.000979808469495944	0.030499803036286244	17990
0.030487155965116204	0.015063893288771463	-0.023520392605092078	30368
0.03039062638215057	0.011996590529016637	-0.01981450773377177	4595
-0.0023546377224373054	-0.030324201452525835	0.009911530246018804	28590
0.014897488735783266	0.01239984519324909	-0.03024821471157494	1584
0.012009068053539396	-0.03023893505973979	0.00013798359854892028	32624
0.029937033718555023	0.007932250984521083	-0.030217538143555607	1488
0.023194741670792732	-0.030189882976616518	-0.00015247044449794126	31218
0.030178010629738256	-0.0009290949146474261	0.004964335540753554	28143
0.01345197619581602	0.03015151052513827	0.02646831867387878	19425
0.030082188421371565	-0.020121336049831236	-0.016614689344194244	25486
-0.011508485144361653	-0.02989472577820551	0.00830360337357887	7278
0.029884778900687935	0.006975269246698427	-0.0014936172886817485	5021
0.003412699788655131	-0.02986245535198724	-0.014960812233658888	3794
-0.015919604754972175	-0.009364327191047319	-0.029812551884594654	7623
0.029804838937621078	0.022215873114228575	-0.02824482768113209	18463
0.01642947217909615	0.020817582066619437	-0.029789275318327115	27987
-0.009312087839002304	-0.02970988821203725	-0.00585085310866743	14175
0.015273097826502616	-0.029704237985285376	0.015436797306396043	25554
-0.0186113920629024	-0.029665824729795995	0.005292464663269973	25273
0.005452197333637478	-0.029620510675223158	0.005587534154933009	5411
-0.029596576409235794	0.01950232901631814	0.013885048928109127	25373
0.010016490224963042	0.011753203713174891	-0.0295580205017029	28412
-0.02954041789952355	0.02828673779106066	0.006027977620479064	24413
-0.02952828495300157	0.01797571167606031	0.002172305923142986	27716
-0.02480021699264128	-0.029487324475727265	0.00045154603975801274	30668
0.014235265772842835	-0.029459533020982528	-0.011530752166305225	22869
0.0011750046144256546	-0.029455004295874863	-0.015341467698091273	23271
0.02945404732746742	0.009425440342716388	-0.02355577434397062	3936
-0.01432627421685253	0.00531774130504025	0.029411235583710855	10862
-0.02046662140383868	-0.029411084496215545	0.009849206787572512	5490
0.029408460687567823	0.014626637809601663	-0.022404567549729845	24939
0.024681115514880066	-0.014562465893765732	-0.029329073311893494	16661
-0.024702208288744906	-0.02926873627773561	0.0029335320516759925	8581
-0.029253062193514957	-0.0051966855475809905	0.013632062317233667	24653
0.02920964005400953	0.018937235089418462	-0.027966806418442857	17120
-0.02919453605158189	-0.02777495019505816	0.019153396428605668	21329
-0.005612664844451159	-0.02916995502318875	0.008564552459155644	8937
-0.029088120847495347	0.003964300898691713	-0.007944439445865056	379
-0.010017539869736362	-0.004519324415279379	0.029073329624735685	1323
0.01741930709746509	-0.028853586342783618	0.027568465028161473	23756
-0.0005280828870598117	0.009547970338560235	0.02879338968367364	141
0.020973746051961322	0.014126991989127495	-0.028777347337457976	3251
0.020768690592835797	0.017963031460015023	-0.028745389649391703	1460
0.028675781142772704	0.010239885267845823	-0.009749483246228754	29583
0.006396197372753209	0.0015490230238100916	-0.02861229640580131	4554
0.028608241930966512	-0.0010822242462979331	-0.02226859826563202	14802
0.022923722946112744	0.017705787390992222	-0.028592977641663523	4119
0.02514525617556094	-0.028585354040131624	0.0030434975353986443	29244
-0.001891313688728406	-0.02854216038376057	-0.014019543059396924	23253
0.013384735531809303	0.01350972587689958	-0.028517311458547846	3536
0.028421249139175948	0.014798433709680196	-0.02094879407577527	30835
0.028405065489014728	0.008727975497719618	-0.024390855921344913	3015
-0.02833942524847897	-0.00258304421715817	0.003754424460311068	12551
0.002382687908064453	-0.028295757556587833	0.0071261592455017135	9382
0.0188379189761	0.01850549587768388	-0.028264479378885023	4293
0.028248674835092424	0.012782441461554201	-0.02512688339622431	24704
-0.026894764794513748	-0.000900035846063949	-0.02814850558835741	1450
0.0070060061216781645	0.00013359520700413125	-0.028059882191143522	20456
-0.011401823808234561	0.0009464297938903218	-0.027961236946655414	14581
-0.0031577508441531024	0.027876500869109918	0.02079813294290888	24593
0.015085459419582387	0.01947708085216884	-0.027737270456670217	24819
0.012775975491210644	-0.027737107891264115	-0.005557375879444555	30044
-0.025688750591544223	-0.0027011024445564163	0.0277235289421849	30906
0.023659559128637767	-0.027714865589200294	0.0010094799941624546	21030
-0.027658504114052167	-0.00039219844480953763	-0.0027025042982952194	23549
-0.027609682040875733	-0.007709191226159511	-0.0118620983485681	23839
-0.027601791571164398	0.024985597743153468	0.004239771741684518	24353
0.027581454242578334	-0.003865028422471105	-0.01009827027157767	28159
-0.013127172086109638	0.02754595043204328	0.013117528386662544	4480
0.01761996520994872	0.01804961537705764	-0.027512777949211104	25447
-0.013739897516772959	-0.027436253291178714	0.02328239274257328	26562
-0.027418488846147913	0.0014572984466697497	-0.012269207716597643	29065
0.0059599693169321635	-0.02737900595518604	0.018158702511547775	27809
-0.020736127163982775	0.01927452698037078	0.027340362708510486	30672
0.020196137568729965	0.013833654824158666	-0.027297732540156733	4946
-0.011726102041158806	0.027224119760848223	0.023285150114140986	24091
-0.012698680708218389	0.024195996203443895	-0.027223630841316043	14468
0.027196983005996576	0.002243984242424869	-0.008519320219030239	23948
-0.015910364488405885	-0.027185397305043168	0.023780505523655814	25421
-0.00907851637454395	-0.02717735406649313	0.016654313268373525	30561
-0.023944969839561854	0.027023210788318944	-0.0048845016501942624	30098
0.016407658282177346	-0.027007878008308023	0.0237973386698786	13024
-0.0013872940474802297	0.02700076603197719	-0.025534557626546755	30426
-0.021488874544337722	0.011941851513963452	0.02687558254377462	12273
-0.021381779061825815	0.01948389356906228	0.02687011743845701	24810
0.026844707402469307	0.023356969919882353	-0.023313507951609354	32684
-0.004865856660622622	0.026838690478418945	0.011599734658606076	9400
0.0007249174373669759	0.015823018941103488	-0.026814342361052894	20232
-0.017247765612521154	-0.0023474329051384316	0.026813604595747883	22801
-0.004110122004071105	-0.02679893345895609	-0.024305099600066108	25174
-0.026786883252164755	0.0075271322012511	0.021879987158087606	19385
-0.01467667198718887	-0.011473220560784567	0.02678208407327019	29819
-0.009625591848818098	-0.017252390759818433	0.02676890291978157	10718
0.02675157936007765	0.00017185235776282198	-0.02465784913604623	5162
0.022208854773272786	0.020158233364450582	-0.026683980096687182	7058
-0.02656917074357373	-0.008969421408447796	0.001188166913180067	12304
0.023012059510376107	-0.026542669752878376	-0.008573938655490792	25319
0.013435004805940003	0.016766842149112487	-0.026487223294372152	15689
0.026471327281702626	-0.0020110287223804955	-0.015969429472093153	15001
-0.023783895149721058	0.024486842346930965	0.026347800512919503	23399
-0.005388708737092189	0.007173510728900539	0.026343039472569076	27661
-0.017837853288560686	0.026299650485117832	-0.01820052945969559	26537
0.024370347995433125	0.01675624848797731	-0.02624972214840112	29043
0.004720914898731553	-0.0262478701130648	0.0031985925207284535	24751
0.01463953688950795	-0.026220380467968814	0.003778900147153022	5900
0.005426585511998869	-0.020303848916753603	0.026208071807874964	24073
0.014295588782908198	0.006944657371313504	-0.026185027405640476	15873
0.019657511461996915	0.01289627630226781	-0.026111389063251698	16443
-0.012934197946066432	0.01880478135844388	0.026033703124984296	27704
-0.013706788609037884	-0.0007913211873181149	0.026029077056652566	25841
0.02488732905964585	0.014176195215758471	-0.02602882157372663	7083
-0.02600952540802086	0.0005225254773372183	0.0036744041542667856	777
-0.004879735600025021	-0.025988127744661468	0.005449670890437128	27741
-0.018670140801887017	0.02598355965852623	0.007430613360914391	30239
0.02596685000139024	-0.003393352717089481	-0.02403662163357725	5053
0.025964311215720043	-0.0024370812189325615	-0.01867541426356532	4897
-0.010879382690058085	-0.019077175203340804	-0.025950442682168413	32255
0.002451636800567954	0.02594989825074985	0.019700255545391437	14590
0.025836489194011134	0.010657543916320528	-0.013424918124016732	30705
0.022029467709836305	-0.025830976748088166	0.000580640437771973	28077
0.02149243254423801	0.00042619267806957633	-0.02582171810384119	5685
-0.012033792751350319	-0.025771862639786782	0.01693133005350574	28586
-0.005209911967289012	-0.025678469143106585	-0.024340365430865138	12144
0.020834223677369194	-0.025669953933278783	-0.003510863095355353	851
0.017747281089116572	-0.025645481460090512	0.004733154690019112	23014
0.018557467275466283	-0.02563014432863999	0.020144301178187413	21740
-0.021271685308389077	0.025627522616067183	0.02412077374256236	29569
0.009385318595590858	-0.025527081585167814	0.012791677038765256	13049
-0.02540288972117855	-0.0052829346984777014	0.008164121332181761	29030
-0.025387222916655457	0.015423496354391117	-0.001178895686688624	14195
0.018426059617219912	-0.02535412219397646	-0.013193094790271817	27016
-0.019745074273205755	0.000637259785833372	-0.025274565245426688	19480
-0.0252735229266586	0.004123493968310592	0.022704341323170413	22636
-0.02527102814911659	-0.009526293351247802	0.006473847892660717	14390
0.01501336154707847	0.0011462024233253496	-0.0252399203868493	5140
0.014742490111146636	-0.02520927647768096	-0.01374640390861086	17979
-0.025197724519875366	0.015556626973978584	0.016838103174625082	26246
0.025023990608091965	0.01130262784229591	-0.020439315153875127	24632
-0.022439855046164827	0.025023861060113926	0.023452750915828584	26174
-0.006880948956725472	0.017002299596970333	-0.025002446865485792	24979
-0.02497354270716649	0.0031438117364969145	0.016146988337129596	30955
-0.02496868412160684	-0.0008757808827763341	0.010085486714535788	14533
0.024926599141312483	-0.019928657287464423	-0.009531033700809087	28245
0.02490744479871293	0.018727831461445348	-0.02374994363415243	32379
0.0009919956018178031	-0.02315791728243012	0.02484759578567891	12383
-0.0013619502474347474	0.024828621780976508	0.009008935937439693	12614
0.024818879091786455	0.0225636758018659	-0.004835760930257474	1275
0.023207331833126194	0.010216687451729461	-0.02481628596655583	32745
-0.02475746542380405	-0.023004739623363024	0.01215810474122879	29765
0.024728859438392727	-0.0165153344675942	0.013362012788060205	27304
-0.014670056623786244	-0.02472381404122389	-0.007074668351113155	7747
0.021845932883001764	0.018587877730402203	-0.024682869896222946	15025
0.02467597310692964	-0.005970954767503639	0.0017035927631487706	6897
0.020089675907144337	0.015799052368214994	-0.024669801399398783	28624
-0.018092936335230944	-0.02463519972028829	-0.010787099791827284	15602
-0.024581372138001854	-0.013796465578078329	0.00797405963743589	18141
0.0028008878847019143	0.024574185466028225	0.0047546742257178025	7772
0.02024427544173263	0.016383487942543754	-0.024570380155282564	6766
-0.024560661066021658	-0.009125744029150597	-0.005585609290861558	14287
0.011693590130581107	0.015412970821328642	-0.024554243329739534	6330
-0.01985351380395715	0.020159527249124717	0.024528947241162183	17752
-0.00025115960029585684	-0.024523125060718447	0.0012673316417696546	3375
0.014897456564814043	0.020002092344850557	-0.024481707164397057	23815
0.0021241269464087986	-0.024450666273603594	0.0029143899207667466	6188
-0.001785970637004206	-0.024429721312209177	0.013625456201937993	4284
0.024261843552675456	0.013017203328797963	-0.0027956450090143147	7837
0.01562254961181671	-0.024252000466787688	0.009054476895295527	20823
-0.022282635710462774	-0.024230351550803865	8.296781318039805e-05	20569
-0.0014628404136074343	-0.024175004942176493	-0.005460120005565569	28781
-0.02408002512236459	-0.0036582501344415057	0.0006589533939266264	22684
0.012428257658416812	-0.004801890015198394	0.024073414054028082	11844
-0.009227238913683758	-0.02404737323426931	0.02171437082167337	27569
0.019391883455550783	-0.021371787103510807	-0.024013549331258273	23849
0.024004412354703346	0.014973072477818301	-0.021788396581312725	5258
-0.018428947230349872	0.024003637927135606	0.01913313520396029	23300
-0.0026428535254380326	0.023976242952903456	0.011175694552693355	25160
-0.010124405289363925	0.010773164992558586	0.023968181631983793	15523
0.019826603721280422	0.014031402831540047	-0.0239649858178743	28091
-0.018312367331148924	0.02395242941438448	0.02196931028078037	17079
0.02386685236383823	-0.015133935941787463	-0.008109257904894274	24485
0.023850059149400263	-0.0017509577943768144	-0.0073587535595177386	15555
-0.023842954249721143	0.007250619914670362	0.013275461651875474	8225
0.023841546898757292	0.022256692406794155	-0.006200473253813012	6439
0.023841063579649074	-0.0159694041092378	0.00525679727233636	4546
-0.018529730306802817	0.02382932482756353	-0.013210063501100114	11639
0.018875173628506253	0.020184199624117646	-0.023742024642412925	28529
-0.00919803581851866	-0.005615497810173262	0.023715335475693607	29416
-0.023641636039922333	0.017470844271311823	0.00697147946691061	28175
-0.007366414468292218	-0.006334371177147437	-0.023560164999297587	6903
0.020539675504225606	0.00964414676013003	-0.023533842113140458	15406
0.011217305928677397	0.013508153847252282	-0.0235035338865121	3061
0.023503514516815604	0.012313470068376391	-0.021438058015368324	319
0.02343358291240397	0.013416789218625776	-0.0203114092923749	14909
-0.013652465433256327	0.023407353611944685	0.017183997746902616	11878
-0.019942483659534344	-0.023354054538479135	0.006531759131675992	14917
0.007745369993075361	-0.023341999835260762	-0.001664487338193149	31793
0.009042503491083879	0.007613694273640834	-0.02332997335612944	28185
0.023328490844408443	0.010638192798918691	-0.022111466355151235	21340
0.0233103574413457	0.006868460940933814	-0.019081224686248816	4775
0.0114475499021133	0.01002906700388421	-0.023281504893651085	10310
0.017836652848757066	0.012248248219080028	-0.023166862870016916	18702
0.003303185619039206	0.008711961460810871	-0.023121826518918524	25256
0.006272969442639056	0.02310084260228308	-0.0170357783609323	4267
0.023099639110817315	0.002670947453195053	-0.01750807140308747	9205
0.017946046182206823	0.013103772828581536	-0.02308682900500227	10507
0.023084394311005875	0.011358485090786003	-0.018925105110258647	30007
0.022938889787952665	-0.00997873499984968	-0.020092566714450324	4259
0.022902429368269504	-0.010177402214177787	-0.011634572532966824	32117
0.02110203028889072	0.016242642731374768	-0.022830585046645393	1023
-0.007058665899663043	-0.02277200236943712	0.005685482104525	19038
-0.018174061887107133	0.002142372857761722	0.022717287922271324	18122
0.01170462435781743	0.013252541324124104	-0.022627705467743377	24237
0.01869047222562313	-0.02262399680968691	0.01235690785865599	29681
-0.0225902819393205	-0.003926210099740529	0.0011506443809245015	7415
0.00847195160242874	-0.008444648169200632	-0.022569525121716488	23947
-0.02065024658011009	-0.00022083043192995503	0.022558780448359347	23376
0.01642706770867287	-0.004550609140473242	-0.02254974930492717	6765
0.022547133983420686	0.012499880434194298	-0.02189564972439029	29744
-0.02253120013862214	0.0030867621635854974	0.0025993332248299803	1209
0.022481304270935983	0.012765785116547752	-0.018731784613264697	14978
-0.02244965090403132	0.0035581036008554188	-0.012967666077651827	15931
0.022392626753147103	-0.005265304125212963	-0.006599112049435867	15082
-0.02116534194281434	0.02238652682180556	0.014373216923383138	224
-0.018462606980517927	0.022292844835640993	-0.01822172517790192	23046
0.0020313685486267998	-0.008303800982880312	-0.022286747298183474	14334
-0.02226761574852557	0.003925121182856793	-0.008155584445551901	32825
-0.007364354897757618	-0.021605417117085135	-0.0222641370169383	29029
-0.012428113769242334	0.022259001432459555	0.02077855817284037	26383
-0.016684632416656787	-0.0027642321992684513	-0.022252073585373164	5246
-0.02223190370082657	-0.013510206406958979	0.010287058809687537	9353
-0.02221309594030241	-0.00846637262734511	-0.006494631748557003	32888
-0.003212592555381736	0.02221211360633752	0.008255409730399305	7318
-0.02220592051546082	0.020853389714769778	-0.003899537758764155	25022
0.022189214140041384	-0.0017185080588104258	-0.014169966048805896	5670
-0.022182944438849442	-0.018695854396535556	-0.008713192337510152	24497
-0.000994904520097115	-0.02215547059082311	0.01994660993306692	14169
0.021028044215222183	0.0041766621502601405	0.02210716492348165	24615
0.01551893429235437	0.012120827374694696	-0.02207987031691233	28701
0.0012939360024593317	0.022070178928976527	-4.648823019791916e-05	4737
-0.02206204607779359	-0.00715565303662881	-0.0034113647412937313	2030
0.012021005779532076	0.018086860908273036	-0.022061335808864765	25186
0.01725924552115236	0.01527480173127931	-0.021997387935389693	4188
-0.0014118424865830906	0.00891995228429775	-0.021970127086940752	215
0.00464041753298318	-0.021911020218455843	0.019464076025495717	31562
0.010796844281208095	0.016278455539061605	-0.021864950437221527	1397
0.015570621231767813	-0.01274110420044107	-0.02180330157749371	24417
0.021765409949560572	0.006613114533365749	-0.013032056507421168	28178
0.021700086248185636	0.00652662912202725	-0.02155160582893743	7628
0.02163695785763566	0.012875770069286897	-0.02169585714810976	5259
0.01690350555193782	0.018405315215793968	-0.02158722936913228	24510
0.0003817656126344395	0.01054760504645872	-0.02154419443141276	5348
0.021540188982496853	-0.0012871537447642024	-0.018171048265019606	4976
0.01981591166754099	0.018302325163597165	-0.021490882214434816	21521
-0.021468406577382738	-0.0006589714634984767	0.0052253961045052085	3400
0.016135435804423053	0.014751151670773763	-0.021436339899333138	23737
0.02143573813750664	0.0005367044174321346	-0.016363152302009878	15152
0.017506986808018214	-0.010503044703800325	-0.02140617995175112	15224
0.02135213261545574	-0.013726709063193069	0.001535769291354612	30377
0.007846313331632928	0.013899615476418336	-0.02131296897818251	23215
-0.001103155451026285	0.021266550884528834	0.015313767887583108	12931
-0.0031621059568505564	0.020192610226547246	0.021166911193864584	13007
-0.0018283199714531503	-0.021124354045995872	-0.0118736750263389	30880
0.006695770057636156	0.007603943560729421	-0.021115121488317398	27585
-0.0038541018839800454	0.018138863376376553	-0.02111098688280678	3325
0.0156783567004027	0.01363103588938352	-0.02110726647361049	14926
0.011044897118169807	0.02109392685172728	0.0037981207665349075	3507
0.003594128019711061	0.02103459695372086	-0.009107180478563353	1220
-0.0007197141197521188	-0.02103371287707152	-0.013482250266402535	5822
0.02102182464157517	0.02055275952577599	-0.01168110894536421	4091
0.02100447339524168	-0.0018541709553031697	-0.0034826772049429975	14521
-0.0072691525976762515	-0.015060604527943763	-0.020953153496466998	19710
-0.003906705769140988	-0.020903905193599467	-0.0044498236638489015	5160
0.0016705447832908147	-0.020861096775853367	0.007001407767997265	7204
-0.011903827959059428	0.02059988389841423	-0.01910307872553175	1346
0.02059723426500138	0.010077864263310513	-0.013544596706700879	25157
-0.00788565481417074	-0.017580105721561306	0.020560145004784546	13558
0.020545935538512018	0.005158532413414196	-0.004832067138326487	14626
0.006483498437684148	0.007171949762106672	-0.020540090401625393	31471
0.014183003060152686	0.012766732966357913	-0.020473744845964276	5957
-0.020452951960090126	-0.0017505265223643099	-0.0021631547894928158	19366
0.00982688562138161	-0.011050896989102015	-0.020445329713926087	31515
0.002292116128231948	0.013632782624339493	-0.020402188213600358	14573
-0.007051357351996711	0.02036289652567974	0.01767894993002223	8652
0.010883278068612933	-0.020322573345686205	0.014700501049876366	23591
0.020255160637533434	0.01142701777917524	-0.017049799543680563	24750
-0.009244687991900967	-0.02024902520580008	-0.004982826909395647	32700
-0.0041294905671014365	-0.0012775027886363561	-0.02021717162896558	28366
0.011189046315990275	-0.020207353527148034	-0.00729769134156096	28356
0.020187215306820508	0.008226566033593426	-0.010345303715818547	24608
0.017372066174503934	0.02018161562264382	-0.01298622450518909	12881
0.006599434641925529	-0.02015008659890292	-0.017883150451162545	30708
-0.01554175677468994	-0.005068601526165781	0.020148323197435765	11879
0.02004513563625127	-0.0004207311051380517	-0.011798722448245341	32099
-0.006597502415608227	0.00979174136016017	-0.01998005708636915	11461
0.01629124949976386	0.014038715640662471	-0.01997894175591663	15119
-0.010569459871236512	-0.0008645726012885575	-0.0199523235440028	29246
0.019927066760803178	0.01088491529695243	-0.019430676429332914	29613
0.004350584907262019	0.012853471578068628	-0.019920752851407673	588
0.011734846627084553	-0.0025952184701206592	-0.019913182300641312	22585
-0.0069402298076561685	-0.019708311386228576	0.014227663212162013	12235
-0.01966701581054757	0.009544154658434386	0.00952175987183043	12419
0.003943836483164009	-0.019653148495177165	-0.00011657754034816428	29687
0.013761800571167188	0.01712857107578925	-0.019632769029008856	14052
0.019496188318420937	-0.0008467435552550031	-0.019582292482941438	4767
0.011590170925513156	-0.019511058936558377	-0.008911921852009947	31386
0.016472043863212084	-0.01950113737324185	-0.012007425250187631	32427
-0.00807561859301287	-0.0035555915533432643	0.01949648820814395	21377
-0.019455917836831493	-0.005131524316744043	0.013423846283514262	24065
0.01944411220467948	0.011139020829379046	-0.01206345651375956	3208
-0.005856234027205797	0.017353997838162646	-0.019342980988381456	7266
-0.019328317738060322	0.009636770266610915	-0.00883694758640589	15653
0.011705347048504263	0.013951816209199268	-0.019317921092205544	13274
-0.0002008520857110384	0.008511472273916187	-0.019272742897737154	5403
0.019203157101038613	0.016790291806418407	-0.019257986884853622	15753
0.016977779383525723	0.011783949934066703	-0.019192723711908312	6984
0.018153477508315828	0.01915838662027784	-0.01596910392904833	6518
0.019155408298266053	0.013851549972366765	-0.018637947876930797	5441
-0.017193083253854238	-0.01696955782351227	-0.01911947259282763	24429
0.0040993412523479015	0.00741924868002793	-0.01909237243041366	28946
-0.010549395449371468	0.002088092429529566	0.019030829048267736	27001
0.0018754542119194496	-0.018996538430133495	-0.010005151679826041	1573
0.010155787071461067	0.008546866107204208	-0.018987506610470946	18499
0.012017411598448647	-0.01897913480741784	0.016725924662016962	7222
-0.018939370640471083	-0.006057824385304932	-0.009199654751935807	32758
0.01683198384785699	0.000561729545578012	-0.01889562376477726	32446
0.01883636768245791	-0.013758972580410646	0.0016087995318701841	5117
-0.01795215028319545	-0.018833651315458947	0.006728449897090031	9851
0.016320404723742764	0.004991220206809728	-0.0188174728584189	29726
-0.01881149709523103	-0.017962116991665444	0.0027318589124716167	20515
-0.018776785916014945	0.0005587968035391652	-0.011969765354369794	5452
0.01877172370288112	0.008436326459207706	-0.014944162161895298	24573
-0.006011861168137486	-0.0187628102470957	-0.0017557773124869626	18961
0.011997868977708624	-0.018746992144756492	-0.016606148860896255	13825
0.010325672974877005	0.01874327546007238	0.007794790435184096	5239
-0.0008935669939301511	0.017117264330943	0.018725510370070222	15099
0.0004729144279198342	-0.018698986554788105	0.004485052034367295	16236
0.01835489275973787	0.0070426749500164835	-0.018681992252554066	32790
0.008506730431734152	0.006384080704958336	-0.01866411069211798	4486
-0.018648263002777957	0.006358540591330897	0.006974610788565862	14957
0.014527056835681233	0.012184455868524442	-0.018601796182492795	15022
0.014747365995966509	0.01527943625389791	-0.018583143476194833	21660
0.006610249037408784	-0.01856244181658851	-0.011252317051223763	20967
-0.0016558465421837242	-0.01169301582826598	-0.018500402426775604	32502
0.01558195584326612	-0.01843962010939613	-0.012353108531710753	2233
0.012338787431633838	0.018429327495965167	-0.007610319293464573	1613
-0.018409164679864646	0.011940499092235138	-0.015854597609309917	29393
0.012375487241467127	-0.01830394119932826	-0.004186464973655243	32044
-0.018302475866858382	0.008778836012318098	0.007722250254797298	11709
-0.0046554822732014075	0.018263120796101782	-0.017824389155137153	25438
0.006322992612319748	-0.018201958619845332	0.0040726433723175795	23982
0.00688339512648655	-0.0067618427044697366	-0.0181640868716209	16243
0.007070199253424332	-0.018125266699908948	0.002042206872717166	8993
0.018101814902922918	0.01727469683502816	-0.013802856952873973	1150
-0.012473654075469492	-0.004350755589784774	-0.018081993313142787	28443
0.012354108507776363	0.012477719029232484	-0.01805552668676196	24971
0.014514524793039588	0.006126212202779778	-0.01797467048628189	3516
0.00808111064986147	0.006693266178345031	-0.01796476784946314	2290
-0.008906121857608489	0.017910934531172703	0.01711010868350563	25380
0.006748661903087867	0.011961463590715997	-0.017878067271037905	5963
0.014610087547971601	0.007343513311179469	-0.017873943664519873	16063
0.017865533004065275	0.003025395404657527	-0.0024968237618156405	25234
0.0003269847591559652	-0.017837605246777063	0.0029471108972711083	14185
0.008465658179329809	0.013542145241149753	-0.017823239342181055	27768
0.01526518378609149	0.01068814040795559	-0.01781515670322538	23359
-0.017798364134950423	0.0023573277496040626	-0.004028399509493928	26092
0.005941806533759945	-0.017787238168360482	-0.010567996820363287	13081
-0.010277409388442198	0.001901612074665942	-0.017754800172180604	21426
0.007842778638772134	0.010265171335046576	-0.017749908309382053	8484
0.01772344859205774	0.0162924495736357	-0.01694273204436669	14712
0.013328595147890199	0.010951075256085581	-0.017676419754905942	1012
0.0012109725669300789	-0.017652862919260583	0.009896038680115711	4863
-0.004560942709964361	-0.017616998025173542	-0.009029131426560656	20990
-0.012017956667108224	-0.01760421939007372	0.014435256509703006	26419
-0.005128716892353448	0.006820423296019839	-0.01754658996677723	15974
-0.004205182680690535	-0.014359333278936149	-0.01752798083612092	22718
-0.010264428749340804	0.017490833920438348	0.008916985452633846	29376
0.007392450673382881	0.01471680765072974	-0.017444042342275055	23327
0.010865110489567432	0.01358328161503071	-0.01740589270436092	30816
0.011071917502956746	-0.0022406326268177984	-0.01739226144297363	26479
-0.017367429340356656	-0.0077917960148325876	-0.008176532474470102	29821
0.010200771656277266	0.01500104463465195	-0.017279253439500288	28264
-0.016935659228608985	-0.002794559129104908	-0.017145414065921644	12310
0.017118834691966622	0.0064312651976875706	-0.016593390144850815	30924
0.01635111177030282	0.011285874752157895	-0.01706953556484896	4758
-0.013434034744742257	0.017039577497080686	0.015510925025299119	19685
-0.001911358920247757	0.016811953899413777	0.014304223219679916	24456
-0.0012513829385616643	-0.016769994387854797	0.00027807254656907833	11333
-0.016750424641816836	0.001603067482935728	-0.01138342938789533	30756
-0.013922857189713141	-0.016735182129928444	0.004457241404791086	15590
0.016711801267137925	-0.010094309069411323	-0.010876905097933086	5916
-0.010713467977107654	-0.004121735019472336	-0.016696547050417995	16027
-0.010219330205151323	0.016594556018587735	-0.004439572627202684	11246
-0.003141351009995068	-0.016587211694077307	0.012208234244949738	2900
0.0008360922813257491	-0.01655385497142904	-0.012880358987756134	5743
-0.01649376143828887	-0.0015311376233142695	-0.00476262001398722	27758
0.01647086599888497	-0.007235521111278761	-0.013974936941737126	14697
0.003377232416783266	0.011776256134561555	-0.016436677182849614	1652
-0.013090584798702787	-0.016340075138484515	-0.006327492718964878	17977
-0.00101953332433909	0.007306596228792993	-0.016292065019011016	17742
0.004516206658758379	-0.00655353009298922	0.01625097474444148	8556
0.012733420261275786	0.013274888975174802	-0.016198288208039674	14526
-0.008332753076824533	0.016136351972556005	-0.016128579448136275	3356
0.016121945317391206	-0.014592528273657621	-0.0012800786409104578	28684
0.0049242174354276885	0.01610787101986499	-0.009515964113365694	6323
-0.000766039845666267	-0.016087661347127368	-0.008102337127651554	20762
0.0005417147134189486	0.006931422656021876	-0.016073943711619167	28234
-0.0074677618091881	-0.016061596838162447	0.001818235126307841	28910
0.01604578733073069	-0.009213423747901073	-0.009384366405547797	24684
0.013727548173848397	0.011641513088807277	-0.015957891484924987	32492
-0.009383160310593547	0.01591261200691254	-0.015341326717925435	18544
-0.002365613049222035	0.004045905327647381	0.01590577291494551	12944
-0.0016876791287054587	0.015847549265603094	-0.006597478343076645	28796
-0.009968359276289737	0.014016304073363066	0.015783081623389324	20993
0.001679704007499914	-0.007749500111404363	-0.015782006362416726	19183
-0.015740376754154985	-0.012964995558709374	0.0001605405111020476	15947
-0.004807466388309187	0.008469055588394824	0.015621778669964503	30537
0.003983246902373816	0.015563764490277918	-0.012793072177674268	3148
0.015541000477093626	0.008770123484252518	-0.01469423375925745	6307
-0.013722536191283313	-0.00039521287680911824	-0.015530799143183222	17095
0.008002009276738982	0.014550606976297632	0.015519062372060927	28339
0.006391554879419732	-0.015504274564339572	-0.01512820929816557	142
-0.01548370453836983	-0.0051480566271870825	0.003586760760934783	30669
0.015429798190061999	0.01303977584793761	0.005403372938025312	17505
0.015412698847790047	-0.0046656036516523215	-0.014692378644973737	17809
0.015407377301614171	-0.005695327157983428	-0.002147459975251406	2667
0.0010008022938043152	0.007027509463828099	-0.015293141464702226	32931
-0.0019901089627927387	0.002248939181144031	-0.015285350147532486	419
-0.0023258969350761927	0.00342038827146928	-0.015208292585445845	6598
-0.01511498705917342	0.0021177520681582573	-0.008535480450546591	24392
-0.01378357231302359	0.013328358755889388	0.015072054079786627	29604
0.002053408087932934	-0.015044973874131829	-0.014756856496170652	14385
0.009034754253984811	0.008639587502583791	-0.015000508603724783	23276
0.0017667824788381674	0.007220857559037653	-0.014969455605486456	27650
0.01494131124156064	-0.007114678618530357	-0.006547213491681676	1356
-0.005965406496291895	0.003469277832140877	-0.01491756602243618	22234
0.005696377810872086	0.008680160223665107	-0.014853621218144363	4741
0.014844917402328229	-0.0058319518671719785	-0.007497422996871238	28953
-0.014825015126928237	0.003967091934122464	-0.0001308784481056621	7323
0.0030400861076349222	-0.014813153568293201	-0.009953220202815291	21313
0.0146423750858085	0.005065803778139897	-0.014803934849896212	14630
-0.0022998615886186185	0.007604242774054313	0.01471037264212132	30095
0.014697885162879409	-0.005895863468460666	-0.012922131723207603	14398
0.014673064899565186	0.00449056313056352	-0.012546533986067912	25580
-0.010050796774725576	-0.014661956646593128	0.0038190733815404027	1880
-0.004648797932825831	0.014655685502366947	0.008399939986436499	29337
-0.005634947144595162	-0.002080635168139723	-0.014626454684138639	27876
-0.014453303496950533	0.011984364113468959	-0.011262274963401285	30666
-0.005696942995149067	-0.014452960344497714	-0.0042536258509503445	23761
0.009184625843930328	0.0070426517020548505	-0.014294281007575696	8280
-0.0016784078262929436	-0.0013755347949113903	-0.014287888260945833	31247
0.011004096528756505	0.010912295010485793	-0.014226109081319306	21486
-0.005726497945775479	0.005281313466810474	0.0142062652933458	22523
-0.007628705380742789	0.009964265097234856	-0.01419566302177963	20542
0.003157814211429263	0.011902039374156667	-0.014194794162566292	28335
0.014145981197724342	-0.007393800399224952	-0.010671598137793031	1612
0.007858632029357725	-0.014145873001998996	-0.0060115189014224735	32955
-0.0018630526772229206	-0.014145496789802323	0.0034154066523112655	20529
0.000763056007853481	0.0059338882662940155	-0.014088527903748042	27353
-0.014080129596582208	0.0013138070754598408	-0.010675516971881852	29828
-0.003137181547363927	0.006716051107784157	-0.014058617320122355	29760
-0.002024990477223995	-0.01394706418850814	0.00416337688904458	13541
-0.013892485565443124	0.004758144415416951	-0.012334826932978613	7233
-0.013755003821286858	-0.0031173838005437216	-0.013863203139587669	23418
0.00479497075350838	0.007161542062439425	-0.013839154381786145	14311
-0.010310206034215562	-0.01382147076441701	0.009814160539989906	2617
0.01379759017619775	0.0053334713448069445	0.003234466124988535	13001
-0.01075528497906803	-0.01370084439926151	0.005152695163186643	2097
-0.013682822990145834	0.00918712225237227	0.01089274153189424	11262
0.008013895712336516	0.013638993005373252	0.006904454293546943	28683
0.009540119748125976	0.007449063453055527	-0.013633902632745845	7838
-0.00420811260902409	-0.01293361731012968	0.013571499087175396	13513
0.01352277898450622	0.0053669275316029115	-0.008634616812889498	23898
-0.002003280154445294	-0.0064061029544278236	0.013405830634182029	1485
0.0011819536996778603	-0.00034306548289949837	-0.013385454118040926	3901
-0.0016676251302139668	-0.013340149829284694	0.0034226149166710898	15764
-0.0006021087492113365	0.013281122762665284	-0.011809640864367749	32914
-0.013267451103784765	-0.011710493908248345	-0.006491235310533758	19660
0.012706192641994794	0.008025143368628413	-0.013266268380115742	28271
-0.00030150984626751536	-0.005465412680813353	0.013195455020040268	14288
4.862846713794335e-05	0.01318171656415184	-0.007924744845535715	32564
-0.003422159090967237	0.005619885172289863	-0.013127832315261819	28493
0.012853046103855988	-0.01310668153898351	-0.0028620244678253227	23149
0.012994299262779126	-0.0047732658223463426	-0.005696149600715738	7697
0.011014034617558628	0.005605912441667267	-0.012959849777418661	746
-0.0019435971337046396	-0.012952103436390807	0.005134142119753364	25743
0.012895371636394782	0.0021060789523037566	-0.0032215747570319567	30125
0.012811276031390845	0.010942193581038366	0.003718704965147446	23383
-0.01280186400170598	0.011585311911623762	0.012714481899164621	214
0.004071134580557382	-0.010952973670256987	-0.012792055926240125	31460
0.012789247230535076	-0.0014964917241754873	-0.011245034225719833	3222
0.012755332936033344	0.007648780332143685	-0.011947671137863419	32037
0.012175836489789893	-0.0037872973097914215	-0.0126950124046776	5238
0.00573519663864772	0.0076951893802476076	-0.012602123416655635	31272
-0.00935020393519244	0.01259925261605067	0.012276498923178962	28301
0.005904289800206344	0.008986182784114899	-0.012552155645312837	7573
-0.007288088296375735	0.004940960493195355	-0.01248906259433692	13269
0.006606720110355411	0.00458253848757273	-0.012408090543598522	471
-0.012318284541393595	-0.0014771863235169998	-0.0028802659488789918	30106
-0.002662894061359511	0.004183225220322141	-0.012282061339343108	14248
0.0001687178228981165	-0.008718219387664015	-0.0122476774659133	13353
0.000891643385779919	0.0018232404910964676	-0.012166364510579303	31664
-0.008610475523486637	-0.012162628748986996	-0.004022908615974299	1903
-0.00559770448406675	-0.012109242028411406	-0.0034749487192329825	28239
0.0021652507938428192	0.012060555537541338	-0.00878003666525308	15184
-0.012051637509884043	-0.010085706274899395	0.004317375196989813	16704
-0.0012104944520647618	0.009159879645530028	-0.011992258974060288	17112
-6.620812406319029e-05	0.008669982059128414	-0.0119594898673124	10643
-0.011952586085921688	0.0050703792327877195	0.004295369099645229	30023
-0.0047350953056342	0.01194020643976722	-0.008086534050010457	5961
-0.011919838646927996	-0.007833606084978548	-0.011258152484457534	17815
0.010690408134245825	-0.011829604451991809	-0.0010033850226725239	18862
0.010440406397143977	0.009056441739866791	-0.011826984420542115	24906
0.00821302509477305	0.011753024332939814	-0.002088634973174231	28714
0.011627625532127149	0.011354574565909511	-0.010702128515830911	23713
0.0056494748966159644	0.00040087847112249986	-0.011595139832095003	5412
-0.0029711018438342094	0.011069112773378196	-0.011566990909540338	5962
-0.0034937134759680743	-0.004984442228222861	0.011560450680312336	5314
0.010024777089250992	0.00828667279533645	-0.011557874390253837	14242
0.011507955785215365	-0.007817923331622595	-0.009794756980192106	15770
-0.0016815133959729833	0.006889236599741166	-0.011489367184883411	13144
-0.0005154867134392527	0.006899894010511754	-0.011447372231187691	19382
-0.009640930050469258	-0.011394799388807506	-0.0054913685140329915	24512
0.0014087433357347543	0.00430687816801981	-0.011316484656874182	18134
0.010548901217545611	0.01124189256212222	-0.0019065453752287382	13173
0.003635262022990686	-0.011234966264472528	0.008049324901740137	11637
-0.0058993714058097994	0.006147324647873397	-0.011140213823231326	13815
-0.002321198043218019	0.004538483104747838	-0.011136804222802233	20472
-0.011094409340953803	0.0013239686471641797	-0.010254836226017808	32266
-0.01108101507656823	0.010249125761609704	-0.0042328628442190605	23065
0.009903598922634545	0.011078545314827038	-0.007665836779956428	655
-0.004867524092143098	0.010881669578028582	-0.008812841438211006	28566
0.010797830027396147	-0.010738857925016016	-0.00694152687770688	9790
-0.006111899243974168	0.010747620338965704	0.0038600420930251693	27447
-0.010727546654709983	0.0003538600116910282	-0.007698203788673744	2035
-0.010703850802255145	0.0035772474889368467	0.0036103333877506656	29253
-0.007770634476295537	-0.010635195398203769	0.003447933405149979	21345
-0.00075734344345991	0.004630395619110079	-0.010566845311260809	31627
0.005169982654843184	-0.008833658702422508	-0.010526537474216176	1777
-0.009558466014881669	0.006359165201652119	-0.010499878978384653	5383
3.653271429039378e-05	0.00463387416534505	-0.010475379796706723	13083
0.010447624447965301	-0.005594879752676151	-0.006164194781371759	22911
0.008113231823112159	-0.004151941635451284	-0.010423078157927796	31531
0.002137543341692604	0.004813538490956526	-0.01030149276765489	6854
0.010240636059561995	0.009687746099405812	0.0012293778111660174	5435
-0.010226511722890548	0.004589191116639374	-0.005842900671123604	18032
-0.01015812860121068	-0.0023700608458891255	-0.0023589867197431956	14929
-0.008725380472379096	0.0018855217163498445	-0.010156967089419844	29240
-0.010055899395487447	-0.001545508309113516	0.00209929132555115	10958
-0.0017438858859330558	-0.0018582656621387071	-0.009947389754625903	22867
0.007988464612049993	0.00647828609427408	-0.009935022517871714	6317
-0.0025239274018121582	-0.000836220905486715	-0.009905778164047098	28804
-0.00986743434734707	0.0030557508184843826	-0.009823684245628251	22848
-0.0003503915494069076	-0.009828811542155657	-0.006897398287178324	15949
-0.00887771454906633	0.004308722017974999	-0.00976031951820141	28594
-0.006259974368472515	-0.0003353983501537375	-0.009723092432020207	11163
-0.009650534762177271	-0.00020047176703711584	0.0031428840479596192	645
-0.009618679655131869	-0.004342892635327754	-0.0023662088522453566	11924
0.00651823587853797	0.009544237992726195	-0.006413740886806616	12004
-0.009451921871849121	0.005098012239929421	0.004824657366322942	19448
0.009437224994221496	-0.005845606958952364	0.008115982259551046	24
-0.009379993330670718	0.0042791554738194765	-0.004723141831322236	25229
0.0012449720564446003	-0.004798089429596318	-0.009309226136391943	29625
0.00012062657487726731	-0.0012704596030877892	-0.009034082128706952	13153
-0.007111131324736368	-0.008929589291761715	0.002756368794543893	7791
-0.00045871392891633526	0.008712075368190311	-0.008731567444110454	28600
0.004032074825153982	0.008570410151492064	-0.0056792694584199945	941
-0.008525506898415965	-0.0038205876289990125	0.000664386305673682	22261
0.0010407922432024176	0.003522228102177752	-0.008431571181080658	11096
0.008330087655032643	0.003509761514372762	-0.008403766005322435	31479
-0.0026123780161334525	0.0040968496575634	-0.00839991298136478	22423
0.000786089712052916	0.002355870357015545	-0.008305503935885927	1067
0.004082513414059154	0.002380727174634598	-0.008152970942605716	12451
-0.0038893582814663874	0.007974652887900934	-0.0072792150919177255	19596
0.0006544429827872604	-0.0015960296687493533	-0.007730928147426755	32710
0.006849763984094508	-0.004500750027104442	-0.007723121560213148	26404
-0.007644063350882468	-0.005590214505364597	0.007030110087005694	29119
0.003916555296450047	0.007629128782018679	-0.0014253287784733422	29651
0.001107722374360755	0.007356802437007969	-0.0036897579521163078	20649
0.0032025458924292375	0.003086304784121288	-0.007230419998613107	7290
0.0071818952275077225	0.0008769960616962353	0.0016346443258276752	30129
0.00199530261211265	0.00391840149979324	-0.007116648283384831	15519
-0.0031147143536229623	0.00043570734646451384	-0.0071046889977246465	21634
0.004383281837545403	-0.007093806564549822	0.0007279503260852807	6387
0.007066583890340179	0.004273697111156416	-0.005512683221291513	30543
0.0019612685596376803	-0.0014654978277082507	-0.006930696950143465	1462
-0.0068940498277189855	0.003568614406173028	0.003850672762520945	30441
-0.006821412080981713	-0.003387831219364699	0.004470466646787784	11446
-0.001339509171903594	0.006610025334031202	-0.0018846899811158374	22820
-0.006264235299873321	0.000588920944955258	-0.003548208536164144	28709
0.005822625212032376	0.005694767869717839	-0.001182434783067929	1095
-0.002158071436223007	-0.005521474168812123	-0.0006132020713884223	1743
0.0012874010986312686	0.005014709619270887	-0.005232876763832127	19547
0.002279671657081834	-0.00012612464113220313	-0.003896262342792272	25614
0.0025556191859696575	0.0014739685567464057	-0.0030896422082718616	11982
0.0029276229226072124	0.0016330277083898474	-0.0009530372882391194	21295
