ID,comp1,GroupContrib,importance,mz,RT,Corr_ID,Compound_Name
29687,2.957949798430865,Acne_L,0.0840679537527363,802.588637517263,7.5559053,315,NA
32569,2.944206247683492,Healthy,-0.08367734800640435,681.9951497305606,8.281499,315,NA
29821,2.8906796683896347,Acne_L,0.08215606796473317,758.561464066019,7.5819635,315,NA
3256,2.813464467054442,Healthy,-0.07996153309524393,316.14994808153614,1.0587293,NA,NA
23549,2.8082222473389136,Healthy,-0.07981254385788752,256.29956309915565,5.742246,315,Suspect related to N-Lauroyl-D-erythro-sphinganine (predicted molecular formula SIRIUS: unknown / BUDDY: unknown) with delta m/z 56.097 (putative explanation: unspecified; atomic difference: unspecified) [200.2]
29625,2.6139051951886065,Acne_L,0.07428985481083003,846.6131696717619,7.531549,315,NA
1777,2.611884534111282,Healthy,-0.0742324255596343,366.1764018782774,0.7732551,315,NA
32564,2.586869664410654,Healthy,-0.0735214774190544,681.4898902770028,8.282333,315,NA
32492,2.511756986373153,Healthy,-0.07138669840865652,704.0080609871885,8.260817,315,NA
29029,2.4647023936431576,Healthy,-0.07004935883393569,777.5431742931737,7.4061933,315,NA
32637,2.442701253682182,Healthy,-0.06942406396999719,659.4805018678669,8.303822,315,NA
17990,2.4266220608007893,Acne_L,0.06896707688919841,399.27644469385586,4.5027647,315,NA
32758,2.4255301389554638,Healthy,-0.06893604335534902,615.4542980766618,8.3475,315,NA
32427,2.41060473189588,Healthy,-0.06851184804578309,725.5194562198282,8.23833,315,NA
32700,2.3815358236531727,Healthy,-0.06768567999009573,637.46721846793,8.326373,315,NA
32888,2.372346399717811,Healthy,-0.06742450717816292,571.4278491008489,8.393587,315,NA
32760,2.3708534851843113,Healthy,-0.06738207702264587,615.9558690697756,8.346993,315,NA
23230,2.3611327584143145,Acne_L,0.06710580404161806,300.2893092454071,5.8332725,315,NA
30095,2.3233796355652814,Healthy,-0.06603282173901863,645.9666412931907,7.6327224,315,NA
32377,2.321147072882325,Healthy,-0.06596937002780959,747.532915161589,8.218766,315,NA
32825,2.316219565993775,Healthy,-0.06582932525036184,593.4408041019606,8.370215,315,NA
29244,2.3098656505389767,Healthy,-0.06564874048489822,495.0228506814946,7.447527,315,NA
28566,2.3056870052429685,Healthy,-0.06552997911860314,583.4097360865742,7.311101,315,NA
29130,2.2880530104080528,Acne_L,0.06502880297861452,652.4987351285591,7.4357443,315,NA
30669,2.26736551585967,Acne_L,0.06444084325871798,608.4727612405422,7.75141,315,NA
1613,2.2659825884995097,Healthy,-0.06440153905097956,255.1334571806295,0.75213575,NA,NA
32710,2.2545472354802683,Healthy,-0.0640765346410745,637.9689789188722,8.325761,315,NA
32999,2.2070277807954803,Healthy,-0.06272598321490926,527.4015288791616,8.439626,315,NA
29236,2.1972033687730046,Acne_L,0.06244676339312884,498.3627245567408,7.4568853,315,NA
29375,2.182794742569568,Acne_L,0.06203725552320029,476.3500799176403,7.481773,315,NA
32502,2.1753219845790195,Healthy,-0.061824872110375614,703.5064461938377,8.260513,315,NA
7987,2.168544015172617,Healthy,-0.06163223529858889,357.21121497119026,2.8590705,415,NA
28443,2.158059951493802,Healthy,-0.0613342675031385,597.7506725165257,7.2837906,315,NA
31633,2.1540689626624565,Healthy,-0.06122083952519269,656.5299372657465,7.990747,315,NA
32624,2.1460340395890536,Healthy,-0.06099247880666395,659.9820708528048,8.303561,315,NA
28339,2.1272676139669864,Acne_L,0.06045911782733393,420.2153838542068,7.27265,174,NA
29032,2.1248012354081487,Healthy,-0.06038902083017357,539.0489616319469,7.3991957,315,NA
28493,2.1233840842719425,Healthy,-0.06034874394777264,598.0852718428603,7.300831,315,NA
28335,2.1150670718721014,Healthy,-0.06011236596253379,612.7607220543844,7.2596693,315,NA
26782,2.0826433576858157,Acne_L,0.059190850896202844,433.331785802126,6.817349,315,NA
32527,2.0819971581281203,Acne_L,0.05917248524491282,666.5504874583798,8.270105,NA,NA
29567,2.0800676963448197,Acne_L,0.05911764797078051,696.5244811413064,7.401334,315,NA
28888,2.0708528934132904,Healthy,-0.05885575386186109,799.5562410545979,7.3823133,315,NA
30901,2.041822811268555,Acne_L,0.05803068928352498,466.4099687258508,7.78661,315,NA
7083,2.0178370050842798,Healthy,-0.05734898817889792,313.1850506828877,2.5834577,368,Suspect related to Triethylene glycol monobutyl ether (predicted molecular formula SIRIUS: C20H24O3 / BUDDY: C20H24O3) with delta m/z 106.026 (putative explanation: unspecified; atomic difference: unspecified) [M+H]+
21329,2.011852444954387,Acne_L,0.05717890086893167,403.1723118206416,5.4842587,439,NA
29424,2.0091948953963445,Healthy,-0.05710337059676152,733.5182056801746,7.480763,315,NA
29246,1.9967163426112546,Acne_L,0.05674871738425788,542.3931006088574,7.4077916,315,NA
1601,1.9957647936354166,Acne_L,0.05672167339069969,314.1225463660306,0.7492612,315,NA
31627,1.9924028884253153,Healthy,-0.05662612461165219,524.4513548631802,8.064683,315,NA
32952,1.9899866015885284,Healthy,-0.05655745127238317,549.4156593335485,8.415323,315,NA
31247,1.986178704083351,Healthy,-0.05644922693688897,700.5551757362134,7.965309,315,NA
31793,1.9794183771767428,Healthy,-0.05625709154296186,568.4784001671924,8.039501,315,NA
29059,1.976453618003766,Acne_L,0.0561728300598312,311.25739667120797,7.4214296,31,"Suspect related to NCGC00381425-01!8-hydroxy-8-(3-octyloxiran-2-yl)octanoic acid [IIN-based on: CCMSLIB00000846585] (predicted molecular formula SIRIUS: C19H34O3 / BUDDY: C19H34O3) with delta m/z -3.995 (putative explanation: Pyro-Glu from E + Methylation|Thr->Pro substitution; atomic difference: 1C,-1O|1C,-1O) [M+H]+"
4976,1.9535668032577973,Healthy,-0.055522363414105096,811.3545761150314,1.5621246,NA,NA
28709,1.9476692168687462,Healthy,-0.05535474798666595,568.4015905384476,7.34099,315,NA
30906,1.9470418813399037,Acne_L,0.055336918470338746,564.4465918824776,7.594713,301,NA
5900,1.9161441067468918,Acne_L,0.054458772165446846,159.14905121868676,2.0616999,NA,NA
14581,1.9105684274984907,Healthy,-0.054300305667657284,567.0265923191972,4.094146,315,NA
3416,1.9072501480295447,Acne_L,0.05420599677672141,544.2348598965053,1.1139708,NA,NA
29416,1.901986690438579,Healthy,-0.05405640393725824,689.4923228112318,7.5626936,315,NA
21324,1.8970406516603224,Acne_L,0.053915832464581356,398.2170635483586,5.4830976,439,NA
9352,1.8791032535313739,Acne_L,0.05340603329315904,340.2590634460079,3.1339142,194,NA
31611,1.8774320001196223,Acne_L,0.053358534564613085,621.4550026442087,7.966731,315,NA
17505,1.8711552762830232,Healthy,-0.053180143663762156,450.31293787393145,4.6943927,315,NA
28856,1.87109869619022,Healthy,-0.053178535599748486,524.7077816300297,7.4162297,315,NA
28683,1.8588338507006235,Healthy,-0.05282995616680786,568.7345420393694,7.334391,315,NA
32446,1.8516654509037902,Healthy,-0.05262622292464094,726.0212506664824,8.239667,315,NA
2030,1.8360520188381753,Acne_L,0.05218247324183364,206.0922185800249,0.81000936,315,NA
11764,1.8315440162381866,Acne_L,0.05205435120463947,377.2343895242624,3.552598,315,NA
10878,1.821725859504219,Acne_L,0.051775309164545966,453.3428817514037,3.412906,339,NA
2078,1.8189890356049,Acne_L,0.051697525834646534,165.05444763655342,0.700507,315,Spectral Match to p-Hydroxyphenyllactic acid from NIST14
31664,1.8153797846249806,Healthy,-0.051594947236246094,480.42569246356663,8.081966,315,NA
28178,1.8120320251858235,Healthy,-0.051499800494453636,642.1128117130172,7.230993,315,NA
32379,1.8066417311847793,Healthy,-0.05134660283469828,748.0340600040342,8.217727,315,NA
11090,1.7977620312825984,Acne_L,0.05109423269606012,648.3791641335912,3.449159,315,NA
2416,1.7917995206829191,Healthy,-0.050924772056258207,247.1165262195791,0.87273586,151,NA
27585,1.7843437802665438,Acne_L,0.05071287230026886,862.6436151094804,7.073474,315,NA
30007,1.7797056189584235,Acne_L,0.050581051019679295,503.1631494321777,7.6234436,437,NA
29819,1.7777671130430313,Healthy,-0.05052595670207761,667.4776868753947,7.589593,315,NA
4546,1.7694389851334973,Healthy,-0.05028926280270279,279.13361428541697,1.4356871,NA,Spectral Match to Tyr-Pro from NIST14
28068,1.7669812481566007,Acne_L,0.050219411408125456,747.3664104900392,7.190368,315,NA
19480,1.7603539446657792,Healthy,-0.05003105667551056,537.3786262265619,5.1313763,315,NA
28077,1.75870450806948,Acne_L,0.049984178003137786,892.6549642990153,7.213041,315,NA
21345,1.748819577072337,Acne_L,0.04970323817029896,412.2346025753685,5.4924407,439,NA
30085,1.7403082318600887,Acne_L,0.04946133704809045,598.4885016017804,7.698664,315,NA
29065,1.7395891279831814,Healthy,-0.0494408993816029,539.3839194737889,7.456529,315,NA
1612,1.7389286398757864,Healthy,-0.0494221276351398,234.08685710582157,0.75545883,NA,NA
2798,1.7341475421011152,Healthy,-0.049286243954212695,342.21186456050447,0.85311604,318,NA
1023,1.7319766937205956,Healthy,-0.04922454622649786,271.00092363153834,0.65643394,315,NA
11446,1.7246353785564568,Acne_L,0.0490158985530213,355.21962877294555,3.5032003,315,NA
27768,1.713311601735179,Acne_L,0.048694065252597306,642.4760102569851,7.0912337,329,NA
13332,1.7112954415752772,Acne_L,0.04863676392207079,445.287568447737,3.7224839,315,NA
3401,1.7108844617064451,Acne_L,0.048625083454530524,220.10787173741517,1.1044769,427,NA
30561,1.7054237081970685,Acne_L,0.04846988326359933,513.317656759995,7.5859356,304,NA
19517,1.7008394827475755,Acne_L,0.04833959489518803,405.26399139906795,5.173613,315,NA
31134,1.698647645568756,Healthy,-0.04827730064439301,469.36032507002335,7.8307047,315,NA
9892,1.6986173977453343,Acne_L,0.0482764409703641,516.3006944499306,3.2497525,315,"Suspect related to Spectral Match to Nonaethylene glycol from NIST14 (predicted molecular formula SIRIUS: unknown / BUDDY: unknown) with delta m/z 101.047 (putative explanation: unspecified; atomic difference: 4C,7H,1N,2O) [M+H]+"
1470,1.695846229887947,Acne_L,0.04819768155010637,264.14393328851963,0.7614326,315,NA
24653,1.6937876263377578,Acne_L,0.04813917393508723,595.4209056772471,6.2007084,315,NA
30644,1.686079047359348,Healthy,-0.04792008824898125,491.3728801054531,7.805905,315,NA
30061,1.6852208367003991,Healthy,-0.04789569702570055,623.4515679332005,7.6411905,315,NA
29954,1.683750269919908,Healthy,-0.0478539020161442,645.4665498916904,7.6179767,315,NA
12419,1.6826065222670439,Acne_L,0.04782139553992314,584.3552307659047,3.6992629,315,NA
23756,1.6803049935964351,Acne_L,0.04775598374492108,492.2224905912176,6.0152416,315,NA
31119,1.6761841084144828,Healthy,-0.047638863980048636,579.4253177003793,7.695795,315,NA
26788,1.6708125418494144,Acne_L,0.04748619857314705,314.26855345332893,7.020738,NA,Candidate Alanine/Sarcosine-C15:0 (delta mass:224.2139)
30630,1.6632280667808514,Acne_L,0.04727064004688641,511.3903143929206,7.7406893,NA,NA
12148,1.6617925410339789,Acne_L,0.047229840939287296,421.2591319503168,3.6356087,315,NA
5856,1.6594745895743148,Acne_L,0.04716396239185032,227.1751090113646,1.7849438,300,"Suspect related to Spectral Match to Ile-Leu from NIST14 (predicted molecular formula SIRIUS: unknown / BUDDY: unknown) with delta m/z -18.011 (putative explanation: Dehydration|Pyro-glu from E|carbodiimide crosslinker; atomic difference: -2H,-1O|-2H,-1O|-2H,-1O) [M+H]+"
22106,1.6558049816989235,Acne_L,0.04705966838884773,656.6766179879235,5.628089,315,NA
28946,1.652020193500705,Acne_L,0.04695210084345513,379.2381753814731,7.403913,315,"Suspect related to Octocrylene (predicted molecular formula SIRIUS: C15H32N5O6 / BUDDY: C22H34O5) with delta m/z 17.027 (putative explanation: replacement of proton with ammonium ion; atomic difference: 3H,1N) [M+H]+"
9353,1.6515571806056968,Acne_L,0.04693894154417793,385.3168967892113,3.1338656,194,NA
29337,1.648776724725327,Acne_L,0.04685991814882266,712.5022630671376,7.4754944,315,NA
27815,1.6319119770796973,Acne_L,0.046380604799462745,336.2507931905303,7.1471252,447,NA
12304,1.6283155976466204,Acne_L,0.04627839202356723,562.3426140599581,3.6716013,315,"Suspect related to 3,6,9,12,15-Pentaoxaheptacosan-1-ol, hydrogen sulfate (predicted molecular formula SIRIUS: unknown / BUDDY: unknown) with delta m/z 58.042 (putative explanation: unspecified|PPG repeat unit|Reduced acrolein addition +58; atomic difference: 1C,4H,3N|3C,6H,1O|3C,6H,1O) [M+NH4]+"
15873,1.6280431862962685,Healthy,-0.04627064981482007,317.2433702694469,4.3538647,NA,NA
27504,1.6278054721153759,Acne_L,0.0462638937350596,529.3726754257823,7.096417,315,NA
2167,1.626124213888449,Acne_L,0.04621611065945004,253.11782903377664,1.0739738,NA,NA
30794,1.6261020563396793,Healthy,-0.046215480919288045,513.3863717727467,7.7775454999999996,315,NA
12310,1.6231197641337038,Acne_L,0.04613072112945588,443.2704977323376,3.6735072,315,NA
12551,1.6159431105854565,Acne_L,0.04592675330724553,606.3690507274936,3.7256682,315,NA
30538,1.6115134161292612,Healthy,-0.04580085686746156,557.4131700372152,7.7215004,315,NA
24391,1.6102378470797674,Acne_L,0.04576460389254016,630.4774679597134,6.2221313,315,NA
20325,1.6088096496681377,Acne_L,0.04572401306371191,463.1941114142795,5.2778416,315,NA
32037,1.607018687889786,Healthy,-0.04567311210114816,436.3993863692236,8.10564,315,"Suspect related to Massbank:AU406506 3,6,9,12-Tetraoxatetracosan-1-ol|Tetraethylene glycol monododecyl ether|2-[2-[2-(2-dodecoxyethoxy)ethoxy]ethoxy]ethanol (predicted molecular formula SIRIUS: C24H50O5 / BUDDY: C25H49N5O) with delta m/z 73.089 (putative explanation: unspecified; atomic difference: 4C,11H,1N) [M+H]+"
23383,1.606752072956592,Acne_L,0.04566553463249557,397.1258465831268,5.837101,NA,NA
28594,1.6059410160628296,Healthy,-0.04564248356737208,583.075266580509,7.318651,315,NA
31460,1.595436434422674,Acne_L,0.045343932630508677,460.35430552862294,7.924939,315,NA
29119,1.5938477581417405,Healthy,-0.04529878082834339,509.69821341205994,7.459997,315,NA
12678,1.5934046342993817,Acne_L,0.04528618679625201,628.3815844691371,3.75007,315,NA
14521,1.5929800986613352,Healthy,-0.045274121059908336,552.68514389919,4.081097,315,NA
27998,1.5906600450148516,Healthy,-0.04520818276617532,429.2846520016537,7.1908183,315,NA
23964,1.5883388732740695,Acne_L,0.04514221269506061,423.17654488401416,6.0705132,315,NA
30218,1.5854184550924686,Healthy,-0.04505921142818322,601.4396442375232,7.6671677,315,lithocholic-acid_L-leucine-L-phenylalanine [Bile-acid; Dipeptide] (known structural isomers: 0; isobaric peaks in run: 0)
25733,1.5839092059342637,Acne_L,0.04501631702595211,509.8566207414453,6.404687,315,NA
3259,1.5757879152667327,Acne_L,0.04478550165220482,227.1023793703036,0.77203983,315,"Suspect related to Genipin (predicted molecular formula SIRIUS: C11H16O6 / BUDDY: C11H16O6) with delta m/z 18.01 (putative explanation: Proline oxidation to 5-hydroxy-2-aminovaleric acid|water; atomic difference: 2H,1O|2H,1O) [M-H2O+H]+"
27538,1.5738828865642034,Healthy,-0.04473135879117763,475.2897132319696,7.0776176,315,NA
1661,1.570844820636939,Acne_L,0.044645013855233645,214.07065916940675,0.64235026,315,NA
10350,1.5561916279962558,Acne_L,0.044228555157421946,560.3270288548888,3.325526,NA,NA
21023,1.554658277652669,Acne_L,0.0441849757748916,372.3297834908631,5.4127297,254,Suspect related to CocamidopropylBetaine (predicted molecular formula SIRIUS: C19H41N5O2 / BUDDY: C25H41NO) with delta m/z 29.031 (putative explanation: unspecified; atomic difference: unspecified) [M+H]+
20989,1.5534657150260875,Acne_L,0.04415108192727056,371.3265486199689,5.412443,254,"Suspect related to Massbank: Lauramidopropyl betaine|3-(Dodecanoylamino)propyl(carboxymethyl)dimethylammonium|carboxymethyl-[3-(dodecanoylamino)propyl]-dimethylazanium (predicted molecular formula SIRIUS: unknown / BUDDY: C21H42N2O3) with delta m/z 28.031 (putative explanation: Acetaldehyde +28|Ala->Val substitution|Cys->Met substitution|Ethylation|di-Methylation; atomic difference: 2C,4H|2C,4H|2C,4H|2C,4H|2C,4H) unknown"
30765,1.5478363514458964,Acne_L,0.0439910896659523,625.3587789773464,7.767187,315,NA
1573,1.5473494011321458,Healthy,-0.043977250040790984,284.1231189485008,0.749497,354,NA
31479,1.544780756734475,Healthy,-0.043904246544063226,744.5814303098339,7.9384174,315,NA
21287,1.541398678951534,Acne_L,0.043808124439896595,367.11498182357616,5.075872,NA,NA
30705,1.536104794637001,Acne_L,0.04365766684187969,524.3217240911712,7.7258286,315,NA
29765,1.5335375591301157,Acne_L,0.043584703387266735,449.25423418947344,7.5694723,105,NA
25423,1.5283597144804544,Acne_L,0.043437543755018244,864.6232995288678,6.327633,315,NA
30756,1.5226918377563399,Acne_L,0.04327645691082237,594.493112387741,7.764862,NA,NA
20042,1.5156195922403743,Acne_L,0.0430754564715047,294.2399953620358,5.2314587,315,NA
5907,1.5095160065723912,Acne_L,0.042901986334204174,114.09120926166614,2.0723827,NA,NA
724,1.5093505053258787,Acne_L,0.04289728261977832,234.13342708773712,0.59145683,315,NA
12808,1.507605924728822,Acne_L,0.04284769985774866,650.3950054102221,3.7742617,315,NA
2442,1.5051494613191156,Acne_L,0.042777884659251364,255.0969837252173,0.6723256,NA,NA
13541,1.5050298204404724,Acne_L,0.042774484343310215,608.2901946767826,3.897291,NA,NA
31531,1.5012356805282985,Healthy,-0.0426666510126576,612.5043913879102,8.00185,315,NA
28796,1.497343768096829,Acne_L,0.04255603888716715,547.3667910974902,7.3647375,315,NA
11856,1.4805770388193293,Acne_L,0.042079511319919986,566.4267083527455,3.576434,410,NA
28624,1.478632650187512,Healthy,-0.042024249809510424,608.4269818602792,7.3333735,NA,NA
30673,1.4753114327042751,Acne_L,0.041929857417208276,554.4626829928816,7.747766,315,NA
1275,1.4748716551466032,Healthy,-0.04191735848994472,159.07621056837243,0.7197947,294,NA
19685,1.4734505650589007,Acne_L,0.04187696965852005,376.1388219543621,5.1618586,315,NA
29376,1.4701949853450755,Healthy,-0.041784442758649946,524.3719643997944,7.4574776,315,NA
12715,1.4634725214221775,Acne_L,0.0415933834693833,467.30047685837894,3.7548919,315,NA
15764,1.4604079191579784,Acne_L,0.04150628434364632,516.3752489435251,4.336223,315,NA
936,1.4596573149746752,Acne_L,0.04148495140628476,185.0635243331809,0.6529152,315,NA
25280,1.4567058839137228,Acne_L,0.04140106872170771,529.3819124645055,6.257713,315,NA
1368,1.4563585093712634,Acne_L,0.04139119598249291,132.1017009045832,0.71511286,315,ISOLEUCINE - 60.0 eV
11588,1.4548916727291248,Acne_L,0.04134950698727753,333.20900029308746,3.5307724,315,NA
11957,1.4531164686815143,Acne_L,0.0412990538755123,399.2450868164037,3.5948915,315,NA
22234,1.4513996774631155,Healthy,-0.041250260916000946,372.3102151907025,5.6488943,NA,"Suspect related to LAUROYLCARNITINE (predicted molecular formula SIRIUS: C22H43O4 / BUDDY: C25H41NO) with delta m/z 28.04 (putative explanation: Gln->Arg substitution; atomic difference: 1C,4H,2N,-1O) [M+H]+"
27758,1.450390686056883,Acne_L,0.041221584349914166,326.3050564803938,7.1323557,NA,Spectral Match to N-Oleoylethanolamine from NIST14
12162,1.4498140588569026,Acne_L,0.04120519601607353,540.3289312604547,3.6424031,315,NA
3516,1.4492590175635598,Healthy,-0.04118942117574177,232.1349129614491,1.1303649,434,NA
10709,1.4440764773893482,Acne_L,0.04104212809189078,604.3532991641197,3.391367,315,desmethylenylnocardamine
29500,1.4434995138952458,Healthy,-0.04102573020022779,711.5035146801425,7.5235953,315,NA
9339,1.4415939716832935,Acne_L,0.04097157274473843,362.24097417673255,3.1321073,194,NA
30672,1.436031257120614,Acne_L,0.04081347471655584,510.4362201199613,7.7687087,315,NA
147,1.4349240909451009,Acne_L,0.04078200792327591,308.133625680881,0.7359207,315,NA
29440,1.4321644391099935,Healthy,-0.040703575800130835,535.3980477343514,7.7468243,315,NA
24584,1.431542364370714,Acne_L,0.04068589580081501,752.514401069654,6.188014,315,Suspect related to p-tert-Octylphenol decaglycol ether (predicted molecular formula SIRIUS: unknown / BUDDY: unknown) with delta m/z 105.079 (putative explanation: unspecified; atomic difference: unspecified) [M+H]+
14390,1.4311522265354344,Acne_L,0.040674807685150964,620.4201930533613,4.0498657,315,NA
25494,1.4309086062663052,Healthy,-0.04066788374833187,551.0364708991557,6.343461,315,NA
22636,1.4259207666396052,Acne_L,0.040526124252857704,397.10421063299424,5.721126,315,NA
20255,1.4250234646027202,Acne_L,0.04050062201269828,354.10256366027755,5.270672,315,NA
11439,1.4244969872540418,Acne_L,0.04048565898884168,692.4050806790883,3.502385,315,NA
675,1.4243400081537863,Acne_L,0.040481197482514754,174.11224870698592,0.6646343,315,NA
12286,1.4234933820047753,Acne_L,0.040457135502835896,430.3013753742021,3.6678514,315,NA
13288,1.4234271547901265,Acne_L,0.04045525325776831,518.3162824464869,3.720716,315,"Suspect related to 3,6,9,12,15-Pentaoxaheptacosan-1-ol, hydrogen sulfate (predicted molecular formula SIRIUS: unknown / BUDDY: unknown) with delta m/z 14.016 (putative explanation: Asn->Gln substitution|Asp->Glu substitution|Gly->Ala substitution|Methylation|Ser->Thr substitution|Val->Leu/Ile substitution|chain elongation; atomic difference: 1C,2H|1C,2H|1C,2H|1C,2H|1C,2H|1C,2H|1C,2H) [M+NH4]+"
2153,1.4200019055314788,Acne_L,0.04035790417617796,285.14408728193627,0.8453334,186,NA
10507,1.4190310740767662,Healthy,-0.040330312154880046,683.1618362710851,3.355966,158,NA
26441,1.414451504099023,Acne_L,0.04020015609972977,558.4022574521058,6.484954,315,NA
33060,1.4134000982768153,Acne_L,0.040170274072629915,992.7420230368806,8.4609375,315,NA
6854,1.4111999873845467,Acne_L,0.040107744674450045,178.13367025596978,2.4620807,NA,NA
1834,1.4097055949004749,Acne_L,0.040065272514068544,181.02580170381341,0.78149617,NA,NA
18532,1.408229744575061,Acne_L,0.04002332734077024,331.1172429459721,5.1918516,315,NA
31941,1.408198050434358,Healthy,-0.04002242656092731,622.48696937839145,8.073392,315,NA
18481,1.40702382112691,Acne_L,0.03998905376495693,365.27705851655,4.9237275,426,NA
4756,1.4018289241617587,Acne_L,0.03984140948848942,254.01077515555068,1.4335607,NA,NA
3794,1.3997665118775797,Healthy,-0.03978279362536104,311.1238574552782,1.2036344,NA,"Suspect related to Asp-Tyr (predicted molecular formula SIRIUS: C14H18N2O6 / BUDDY: C14H18N2O6) with delta m/z 14.016 (putative explanation: Asn->Gln substitution|Asp->Glu substitution|Gly->Ala substitution|Methylation|Ser->Thr substitution|Val->Leu/Ile substitution|chain elongation; atomic difference: 1C,2H|1C,2H|1C,2H|1C,2H|1C,2H|1C,2H|1C,2H) [M+H]+"
32117,1.3985421002963114,Healthy,-0.03974799459792555,392.3729972535702,8.125468,315,NA
27455,1.3946063632488246,Acne_L,0.03963613693209682,435.3678472919213,7.055965,315,NA
28366,1.3937849813115406,Healthy,-0.03961279241869312,612.4264786107939,7.266323,315,NA
10862,1.3917280541575623,Acne_L,0.03955433244856613,475.3249524469592,3.4102414,339,NA
24484,1.3901748251399502,Acne_L,0.03951018809382107,796.540422904903,6.1702414,315,Suspect related to p-tert-Octylphenol decaglycol ether (predicted molecular formula SIRIUS: unknown / BUDDY: unknown) with delta m/z 149.105 (putative explanation: unspecified; atomic difference: unspecified) [M+H]+
4737,1.3881348867396397,Acne_L,0.03945221096142122,218.0921944300288,1.2418643,NA,NA
5931,1.3844701647411446,Acne_L,0.03934805582002918,188.07031841406487,2.0758626,399,Spectral Match to Abrine from NIST14
9400,1.3841095782765989,Healthy,-0.039337807584497474,169.0758540408003,3.1538427,NA,NA
2965,1.3811167728830422,Acne_L,0.03925274899913882,120.08062359925792,0.977423,71,NA
29030,1.3725674259294618,Acne_L,0.03900976782863654,642.5146927601253,7.6634784,315,NA
20532,1.3702438306523366,Healthy,-0.038943728878144186,431.3133691585204,5.3172555,164,NA
24226,1.3693272152252909,Healthy,-0.03891767773171473,323.1982770622044,6.1303077,315,NA
2969,1.3688563281885573,Acne_L,0.03890429464128909,166.0861090072681,0.9777797,71,Phenylalanine - 50.00 eV
27809,1.3652065991543378,Acne_L,0.038800565615251685,598.450705290369,7.097623,329,NA
14185,1.3638257239660605,Acne_L,0.03876131973233373,566.2592072617673,4.011449,NA,NA
23046,1.3629911709550158,Acne_L,0.03873760088356425,374.16670951492455,5.816064,315,NA
5961,1.3592562013921503,Acne_L,0.03863144923466019,425.1776345989296,2.0913649,NA,NA
9458,1.3574629916237777,Acne_L,0.03858048438192453,472.27475162388447,3.161136,212,NA
29240,1.3551374343854716,Healthy,-0.038514389670491984,755.5296230878353,7.470999,315,NA
26996,1.3516249741367279,Healthy,-0.03841456196350847,445.2323917554996,6.95359,403,NA
5930,1.3510199725979144,Acne_L,0.038397367201984015,205.09691824672697,2.0760007,399,D-TRYPTOPHAN - 60.0 eV
24538,1.3453001599172303,Healthy,-0.038234804284868536,810.5294651485463,6.181672,315,NA
21881,1.3432781886283502,Acne_L,0.03817733779612248,332.2791182821123,5.598741,315,"Suspect related to Spectral Match to 12,13-DiHOME from NIST14 (predicted molecular formula SIRIUS: C18H37NO4 / BUDDY: C18H37NO4) with delta m/z 17.027 (putative explanation: replacement of proton with ammonium ion; atomic difference: 3H,1N) [M+H]+"
20210,1.3426502577186408,Acne_L,0.03815949135846307,353.09914906434284,5.1934366,315,NA
1060,1.3409300547488512,Acne_L,0.03811060143349331,250.12826835657935,0.6018633,315,Suspect related to Val-Met (predicted molecular formula SIRIUS: C10H19NO6 / BUDDY: C10H19NO6) with delta m/z 1.003 (putative explanation: C isotope; atomic difference: (13)C) [M+H]+
12931,1.338041294208814,Acne_L,0.038028499909116054,672.4077463153831,3.7951589,315,NA
23884,1.334013549994103,Acne_L,0.0379140273056426,708.1277529359608,6.054311,315,NA
888,1.333938490212674,Acne_L,0.037911894030007824,257.11281942397034,0.6743051,315,NA
29245,1.3330135476372218,Acne_L,0.037885606217517465,734.0187916633904,7.457735,315,NA
4604,1.3322611628592944,Healthy,-0.03786422267383845,286.1857600573591,1.4495002,221,NA
26204,1.3318205003059096,Acne_L,0.03785169859409303,394.3160219018961,6.5866537,315,NA
7265,1.328063117941017,Acne_L,0.037744909950468745,433.1335195538867,2.5792928,272,NA
4863,1.3269123103398694,Acne_L,0.037712202823308276,285.0962598090819,1.7470261,NA,NA
24240,1.326054357896878,Healthy,-0.03768781893878877,898.582358690365,6.1307836,315,NA
3901,1.3246021288627738,Acne_L,0.03764654510671014,281.1057395072208,1.2128572,NA,NA
3613,1.3201771669094582,Acne_L,0.03752078316949055,277.19271293873527,1.140244,NA,NA
24992,1.3194439222096273,Acne_L,0.03749994360637574,620.436170618138,6.2482038,315,Suspect related to p-tert-Octylphenol heptaglycol ether (predicted molecular formula SIRIUS: unknown / BUDDY: unknown) with delta m/z 105.079 (putative explanation: unspecified; atomic difference: unspecified) [M+H]+
22811,1.3191403140097577,Acne_L,0.03749131475130892,488.2274795095613,5.694242,46,NA
3457,1.3190085008024675,Healthy,-0.037487568485357975,433.2514224655808,1.1226314,434,NA
17809,1.317750956761019,Healthy,-0.03745182779957129,567.3877603431442,4.7877855,315,NA
6307,1.3168511931962603,Acne_L,0.03742625560027613,307.10165990696726,2.2182848,6,"Suspect related to Sucrose (predicted molecular formula SIRIUS: C12H20O10 / BUDDY: C12H20O10) with delta m/z -18.011 (putative explanation: Dehydration|Pyro-glu from E|carbodiimide crosslinker; atomic difference: -2H,-1O|-2H,-1O|-2H,-1O) [M-H2O+H]+"
8068,1.3093108565267655,Healthy,-0.037211951532388494,217.09699582689615,2.841417,308,NA
4775,1.304882481858151,Acne_L,0.037086092602315254,134.06323078374143,1.5141807,NA,NA
24073,1.3032975088406287,Acne_L,0.03704104605067767,465.1874118908456,6.09387,315,NA
24042,1.3032428377563698,Acne_L,0.037039492242636196,576.4098970310814,6.2699804,315,"Suspect related to p-tert-Octylphenol decaglycol ether (predicted molecular formula SIRIUS: unknown / BUDDY: unknown) with delta m/z -71.023 (putative explanation: nan (reverse); atomic difference: -2C,-3H,-2N,-1O) [M+H]+"
760,1.3018967915128943,Acne_L,0.037001236233894744,164.127744099482,0.5670571,NA,NA
24875,1.2981366811916235,Healthy,-0.03689437005896457,487.99779566150335,6.233024,315,NA
20304,1.2960770380387923,Healthy,-0.03683583289737677,632.4381305449581,5.2774425,315,NA
30044,1.2885737604099714,Healthy,-0.03662258208526756,347.255912234741,7.6318154,NA,NA
23955,1.2874589048802596,Healthy,-0.036590896752689395,693.4550750246635,6.067972,315,NA
24510,1.2756184313295125,Acne_L,0.0362543784035941,617.2859811282286,6.1377826,79,NA
8191,1.2739257083118696,Acne_L,0.036206269486925236,529.1881859743335,2.9553497,NA,NA
1652,1.2730764689758531,Acne_L,0.03618213323780326,582.2020132307723,0.75787723,315,NA
27353,1.2716314968173874,Acne_L,0.03614106565354056,631.449813851963,7.0128045,315,NA
13049,1.270424932659024,Acne_L,0.036106773868088755,694.420899934106,3.8157048,315,NA
7204,1.268811090487513,Healthy,-0.03606090682561536,144.0805963893351,2.8233314,308,NA
27028,1.2671193539692434,Healthy,-0.036012825946266036,320.24271327527214,6.9149303,403,NA
6028,1.265082719393474,Acne_L,0.035954942711933315,683.2504544380921,2.1233983,NA,NA
1363,1.2615910483601134,Acne_L,0.03585570585567969,209.09184191147983,0.81160235,315,NA
954,1.260468287669913,Acne_L,0.035823795850368156,130.0497015678724,0.64796996,315,L-Pyroglutamic acid - 40.0 eV
30129,1.2600026230890655,Healthy,-0.03581056118747167,313.2734318510841,7.645651,350,"Suspect related to 1,2-Dioleoyl-sn-glycerol (predicted molecular formula SIRIUS: unknown / BUDDY: C37H70O5) with delta m/z -26.015 (putative explanation: Alkyl loss (typically partial loss from ring)|Pro->Ala substitution; atomic difference: -2C,-2H|-2C,-2H) [M-C18H34O2+H]+"
19801,1.2577799621377077,Acne_L,0.03574739089358572,362.1595415645055,5.193619,315,NA
18961,1.2574727620621822,Acne_L,0.03573865995374495,558.4199868334971,5.0301576,315,Suspect related to Spectral Match to Hexapropylene glycol from NIST14 (predicted molecular formula SIRIUS: C28H55N5O6 / BUDDY: C34H55NO5) with delta m/z 191.151 (putative explanation: unspecified; atomic difference: unspecified) [M+H]+
24866,1.2573934440324428,Healthy,-0.03573640565434493,488.3301504986182,6.233931,315,NA
11639,1.2551147378827234,Acne_L,0.03567164249869154,271.08044005771984,3.3623586,NA,NA
15224,1.2548714427382026,Healthy,-0.03566472780224582,562.1076806180428,4.2265778,315,NA
14195,1.249401499051655,Acne_L,0.03550926641709497,577.0299508264292,4.016575,315,NA
32044,1.2452119742171326,Acne_L,0.03539019584320578,489.3765897290598,8.104656,NA,NA
24885,1.2426465396658133,Healthy,-0.035317283573589035,487.6633778913981,6.23403,315,NA
24612,1.2380953098339462,Healthy,-0.035187932974323814,788.5173475828439,6.1934867,315,NA
18483,1.2350884923237984,Acne_L,0.0351024761503033,343.295233459485,4.923852,426,Massbank: Lauramidopropyl betaine|3-(Dodecanoylamino)propyl(carboxymethyl)dimethylammonium|carboxymethyl-[3-(dodecanoylamino)propyl]-dimethylazanium
24297,1.2334223981367602,Healthy,-0.03505512405219199,877.0704175114764,6.143833,315,NA
23376,1.2318944219157029,Acne_L,0.03501169740771166,425.15658338762375,5.8641424,315,NA
27026,1.2314401271170106,Healthy,-0.034998785885634154,461.2056140288532,6.913526,403,NA
24353,1.228992826287046,Acne_L,0.0349292310970094,840.5666087380232,6.1521997,315,Suspect related to p-tert-Octylphenol decaglycol ether (predicted molecular formula SIRIUS: unknown / BUDDY: unknown) with delta m/z 193.132 (putative explanation: unspecified; atomic difference: unspecified) [M+H]+
1894,1.2288643165514543,Acne_L,0.03492557871909743,239.10212152772775,0.7867015,315,NA
30301,1.2282664373439227,Acne_L,0.03490858638150091,476.40906941065896,7.891093,NA,Suspect related to Asiatic acid (predicted molecular formula SIRIUS: C30H57NO5 / BUDDY: C30H57NO5) with delta m/z 23.075 (putative explanation: unspecified; atomic difference: unspecified) [M-2H2O+H]+
4245,1.224768104696487,Healthy,-0.03480916019537283,385.0799574139376,1.3512739,315,NA
28159,1.2237532135584346,Healthy,-0.03478031595288328,668.4912939811302,7.2339993,315,NA
24377,1.2232939421981308,Healthy,-0.03476726299184302,855.0572564169693,6.1563587,315,NA
28091,1.222440327734413,Healthy,-0.03474300239712415,656.7877800341334,7.207308,315,NA
1903,1.2208972352040077,Acne_L,0.03469914613169628,147.04382757271702,0.6986134,315,NA
24241,1.2205242534037184,Healthy,-0.03468854560806536,899.083221578225,6.132206,315,NA
14264,1.2200330850824068,Acne_L,0.03467458610282199,414.3063636225466,4.0270295,315,NA
24485,1.2193183681194668,Healthy,-0.03465427311690904,400.3417938069388,6.1620536,NA,Spectral Match to Palmitoylcarnitine from NIST14
24594,1.218659734244427,Healthy,-0.034635554069622904,789.0185678649923,6.1943502,315,NA
24083,1.2157946306485663,Healthy,-0.0345541248997562,649.0924439977877,6.095834,315,NA
29275,1.2127895390538763,Healthy,-0.03446871712801539,510.0328730873735,7.4390464,315,NA
24181,1.2121162177950515,Healthy,-0.034449580650284216,619.7418209140727,6.1201687,315,NA
22311,1.2095364378391664,Acne_L,0.034376260669621045,365.099217835818,5.6655574,315,NA
588,1.2088940184481656,Acne_L,0.03435800245452856,135.0026750806278,0.61614984,NA,NA
8484,1.2088911298467189,Acne_L,0.03435792035752578,658.2542105593047,2.9280438,NA,NA
29463,1.2042109188232872,Acne_L,0.03422490398108842,469.8419838785828,7.503463,315,NA
24235,1.2035854448807537,Healthy,-0.034207127372945054,605.0663223996943,6.1308346,315,NA
24397,1.2027151503146574,Healthy,-0.03418239271268386,854.5560894405643,6.1572437,315,NA
24447,1.2011537479659848,Healthy,-0.03413801606352394,833.0447744689671,6.1658497,315,NA
24028,1.2002871434126807,Healthy,-0.034113386277194326,664.1021187414392,6.084713,315,NA
24304,1.1988990705003286,Healthy,-0.03407393582760829,590.7254719783047,6.1428127,315,NA
27024,1.1973485608244234,Healthy,-0.03402986875933136,325.19919289046,6.9146857,403,NA
28910,1.1946651936217838,Acne_L,0.03395360472333833,568.4432939367775,7.298915,315,NA
4091,1.1945158327536194,Healthy,-0.03394935973494671,410.1651529109408,1.2901039,NA,NA
15519,1.1933688639050721,Healthy,-0.03391676170905505,722.4881351869086,4.287785,315,NA
24467,1.1923119759712846,Healthy,-0.03388672387474609,561.0401471205934,6.1670756,315,NA
23399,1.190760417866871,Acne_L,0.033842627009060364,379.1148999976623,5.6659856,315,NA
24183,1.190605012088103,Healthy,-0.033838210218136704,620.0760907888026,6.1203766,315,NA
24703,1.1889316075754313,Healthy,-0.033790650353106015,767.0055499751708,6.207383,315,NA
24374,1.18733149911592,Healthy,-0.033745173636751696,575.7155439185656,6.1536026,315,NA
27017,1.1860127420420972,Healthy,-0.03370769321407784,454.292095000229,6.9130754,403,NA
21740,1.184936627886569,Healthy,-0.03367710895091435,435.2843202318783,5.561553,NA,NA
22958,1.1840902004545588,Acne_L,0.033653052618975575,304.29947426176324,5.7826486,315,Benzododecinium
18141,1.1840123105025337,Acne_L,0.03365083890700247,432.2228023805244,4.8459244,315,NA
1821,1.1819404144054955,Acne_L,0.03359195350422833,189.12305421711852,0.6741516,NA,Spectral Match to N.epsilon.-Acetyl-L-lysine from NIST14
4390,1.1815723561242197,Acne_L,0.03358149291203538,267.0428792691504,1.3809005,NA,NA
24470,1.1813472890862708,Healthy,-0.03357509627699188,832.543646153035,6.1680355,315,NA
29264,1.1801215784103662,Healthy,-0.03354026032796027,610.3703982095612,7.463642,315,NA
29269,1.1794020651645192,Healthy,-0.03351981102678943,601.3108773734559,7.4637146,315,NA
13269,1.1752916424889184,Acne_L,0.033402988617031185,498.3096873777914,3.8610332,315,NA
24608,1.1740996400354684,Healthy,-0.03336911069010256,531.6893536442343,6.193115,315,NA
32271,1.1725988516594401,Healthy,-0.033326456751940556,698.5400620530779,8.184524,315,NA
25374,1.1721612986636818,Acne_L,0.033314021048998166,478.2427148622517,6.3199296,315,NA
15689,1.1687396278796118,Acne_L,0.033216773671309444,558.9556287862383,4.3201866,315,NA
4554,1.1681666763133487,Healthy,-0.033200489802732394,272.05760230057336,1.4368116,315,NA
7951,1.168015024863861,Healthy,-0.03319617971368057,278.1596223299423,3.0747843,NA,NA
8449,1.1675924725807116,Acne_L,0.033184170346308356,226.1067080990752,2.9391198,NA,NA
14573,1.166534646557504,Healthy,-0.03315410585054016,567.3593877677943,4.093604,315,NA
25969,1.1633846178404141,Healthy,-0.03306457881777964,401.2150328872891,6.548474,315,NA
24534,1.1625554598748493,Healthy,-0.03304101330171179,546.6990025723165,6.178602,315,NA
26277,1.160752110567334,Acne_L,0.0329897602729198,820.5977001844418,6.3463078,315,NA
22668,1.1582314743358033,Acne_L,0.032918121217296814,121.02801799884314,5.727136,315,NA
24132,1.156493716680557,Healthy,-0.03286873237024058,634.7516775981941,6.107579,315,NA
24765,1.1554036073633012,Healthy,-0.03283775035028977,744.9928293974026,6.2197556,315,NA
24795,1.1549920238870435,Healthy,-0.032826052727610106,744.4918548280033,6.2198753,315,NA
12318,1.1517851822471845,Acne_L,0.03273491101357053,309.1447776117919,3.7461793,NA,NA
10868,1.1514516445988474,Acne_L,0.0327254315330161,470.3696414633079,3.4122493,339,NA
24388,1.1509584423767423,Healthy,-0.03271141422223528,576.0500233301401,6.1539936,315,NA
29267,1.149567790940073,Healthy,-0.03267189048835511,579.32838686309606,7.463244,315,NA
25663,1.1478095211927613,Healthy,-0.032621918666696656,525.3663138501634,6.3539615,315,NA
24529,1.1475801660822431,Healthy,-0.032615400160252016,811.0317356411417,6.1800447,315,NA
21831,1.1430865390658145,Acne_L,0.0324876866918221,357.1324281999888,5.583099,315,NA
5873,1.1419895641889135,Acne_L,0.032456509545655474,229.11798345926388,1.854606,32,Suspect related to Spectral Match to PyroGlu-Phe from NIST14 (predicted molecular formula SIRIUS: C10H16N2O4 / BUDDY: C10H16N2O4) with delta m/z -48.0 (putative explanation: Phe->Val substitution; atomic difference: -4C) [M+H]+
27704,1.1412030464250387,Acne_L,0.03243415590766128,386.18229248741534,7.1636553,315,NA
19727,1.1404738397103618,Acne_L,0.0324134311082079,228.2683576950206,5.24148,NA,"Suspect related to Spectral Match to Palmitamide from NIST14 (predicted molecular formula SIRIUS: C15H33N / BUDDY: C15H33N) with delta m/z -27.995 (putative explanation: Asp->Ser substitution|Glu->Thr substitution|Pyrrolidone from Proline|Secondary amine cleavage, decarbonylation; atomic difference: -1C,-1O|-1C,-1O|-1C,-1O|-1C,-1O) [M+H]+"
20762,1.1381320789031837,Healthy,-0.032346875874801895,522.3742168198502,5.3564224,315,NA
1067,1.1358808344785514,Healthy,-0.03228289320941775,287.1348249230071,0.6608454,315,NA
1012,1.135760498734119,Healthy,-0.03227947314468132,232.10762175937492,0.65794504,NA,NA
32320,1.13516204398284,Healthy,-0.03226246444954379,769.5449369894843,8.198836,315,NA
27027,1.1332710281230343,Healthy,-0.03220871984781588,303.21615368638294,6.9148326,403,NA
14468,1.1330647797165716,Healthy,-0.032202858057495676,537.6753436777503,4.068884,315,NA
20800,1.1321552205267646,Acne_L,0.03217700745653394,410.3470838338531,5.316366,315,NA
27010,1.1300245633862895,Healthy,-0.03211645200490207,867.4744535312254,6.9118114,403,NA
7415,1.1293807058577163,Healthy,-0.03209815291647124,326.16982181166344,2.810007,NA,NA
9698,1.1291432060752056,Acne_L,0.03209140293013171,240.122200819377,3.1751702,315,NA
28356,1.1263993711930267,Acne_L,0.0320134203409402,656.4935853239709,7.251745,315,NA
11982,1.1251302418115054,Acne_L,0.03197735038795838,496.3033025665027,3.5875134,315,NA
24684,1.1245176746645642,Healthy,-0.0319599406041254,517.0139908625786,6.2045193,315,NA
24607,1.1229806412233694,Healthy,-0.03191625654420007,532.0237426447305,6.1928034,315,NA
28271,1.121341246912963,Healthy,-0.03186966328384695,627.1033403202674,7.2944655,315,NA
24704,1.120155497573657,Healthy,-0.031835963076807604,766.5031520921987,6.2088428,315,NA
11246,1.1181368035396206,Acne_L,0.03177858973099074,270.04201684953915,3.4672914,5,NA
6188,1.115102578936332,Acne_L,0.03169235396939668,303.08570035101457,2.1808522,NA,Suspect related to Catechin (predicted molecular formula SIRIUS: C16H14O6 / BUDDY: C16H14O6) with delta m/z 12.0 (putative explanation: formaldehyde adduct|methylation and reduction|unspecified; atomic difference: 1C|1C|1C) [M+H]+
24302,1.1137223356635386,Healthy,-0.03165312604616206,876.5688342394682,6.1440673,315,NA
15555,1.1117829072997754,Healthy,-0.03159800551163572,480.3299748352861,4.2411323,265,NA
19671,1.1102877792593349,Acne_L,0.031555512445991106,381.0940663748245,5.1588426,315,NA
30713,1.1083738874400482,Acne_L,0.031501117686135185,514.3880417747131,7.779599,NA,NA
25946,1.1082569246983942,Acne_L,0.03149779348558202,558.9038034307877,6.492006,315,NA
24979,1.108065051722148,Healthy,-0.031492340259667906,700.4648142342849,6.247035,315,NA
32914,1.1077075996897563,Acne_L,0.03148218110789871,312.3256516654438,8.405662,NA,NA
24615,1.1075171886654651,Acne_L,0.03147676943215201,393.1305319302914,6.198861,315,NA
24032,1.1064185277050522,Healthy,-0.031445544365770246,663.7676205330783,6.0852113,315,NA
14929,1.1034012969327727,Acne_L,0.03135979158620655,429.2892000211359,4.18305,NA,NA
23854,1.1011577007762023,Acne_L,0.03129602629241068,579.06284991483,6.035003,315,NA
24512,1.1002514485637764,Healthy,-0.031270269679123004,678.4465003762384,6.26161,315,NA
20623,1.098944376820504,Acne_L,0.031233121365475756,674.5026234735572,5.5041995,315,Suspect related to Octapropylene glycol (predicted molecular formula SIRIUS: C39H67N3O6 / BUDDY: C40H67NO7) with delta m/z 191.151 (putative explanation: unspecified; atomic difference: unspecified) [M+H]+
21714,1.0936727104863733,Acne_L,0.03108329522514955,367.18811184727576,5.4510303,315,NA
23984,1.0907098115502385,Healthy,-0.030999086611849507,678.7773210826592,6.074437,315,NA
19038,1.0893187977481789,Acne_L,0.030959552579174918,449.17837435867705,5.0437274,315,NA
4293,1.08819140901563,Healthy,-0.030927511040173963,105.06975889749336,1.3565894,315,NA
29160,1.0877234172187928,Healthy,-0.030914210235422637,554.0590200116025,7.414316,315,NA
24906,1.0854038918229345,Healthy,-0.030848286955111805,722.4765357984285,6.238032,315,NA
25174,1.0852213359795926,Healthy,-0.030843098531628924,539.7082903858703,6.2780366,315,NA
14398,1.0823959788457178,Healthy,-0.030762798996798568,523.3333096381817,4.0531363,315,NA
26078,1.0808217192370888,Healthy,-0.030718056931181622,418.24295919462554,6.565968,315,NA
31961,1.0796991304133667,Healthy,-0.030686151810490912,607.4271150228069,8.074584,315,NA
14953,1.0787762600726627,Acne_L,0.030659922893028137,634.4360153163676,4.2344885,315,NA
26060,1.0730854945994357,Healthy,-0.030498185527209856,432.25964808679737,6.558978,315,NA
31218,1.0719601125867662,Healthy,-0.030466201021237017,832.6343969153781,7.8862214,315,NA
30426,1.071349496135421,Acne_L,0.030448846678164807,466.3514314616469,7.6857347,NA,NA
1485,1.0628579417226607,Acne_L,0.030207508030686926,201.08654672184736,0.7118526,315,NA
7838,1.0577971717323913,Healthy,-0.030063675779807994,518.0727416088101,2.7881286,201,NA
29058,1.0563122109748002,Acne_L,0.03002147167872419,333.2398271329163,7.42032,31,NA
25914,1.054644952999283,Acne_L,0.029974086504555915,582.4020175436367,6.4966865,315,NA
26201,1.0543188982704088,Acne_L,0.02996481969621373,449.33991529527685,6.5862346,315,NA
18480,1.0537561280298167,Acne_L,0.029948825191308804,240.23179937782436,4.923423,426,"Suspect related to cis-9-Hexadecenoic acid (predicted molecular formula SIRIUS: C15H29NO / BUDDY: C15H29NO) with delta m/z -14.999 (putative explanation: Glu->Asn substitution; atomic difference: -1C,-1H,1N,-1O) [M+H]+"
11878,1.0482903222957731,Acne_L,0.029793481410993545,443.1687137631903,3.579514,315,NA
20156,1.047858992302507,Acne_L,0.02978122257213655,384.2021889224221,5.2218685,315,NA
14193,1.0475880284590093,Acne_L,0.02977352150301228,576.394912643973,4.013694,315,"Suspect related to Spectral Match to p-tert-Octylphenol decaglycol ether from NIST14 (predicted molecular formula SIRIUS: unknown / BUDDY: unknown) with delta m/z -71.023 (putative explanation: nan (reverse); atomic difference: -2C,-3H,-2N,-1O) [M+H]+"
10310,1.0455742541776838,Healthy,-0.029716287981591216,594.3687395612118,3.311139,255,NA
1450,1.0423399262289506,Acne_L,0.029624365078586058,186.1346941619024,0.7258967,NA,NA
7356,1.041576154949712,Acne_L,0.02960265791891257,226.1064324315578,2.6192904,315,NA
5371,1.0410227886687202,Healthy,-0.029586930684142247,267.1318470990286,1.7417407,NA,NA
19016,1.040175549328752,Healthy,-0.029562851276950235,518.2584998801046,5.03728,315,NA
25380,1.0367700228744374,Acne_L,0.029466062737598785,674.5038443862569,6.2109,315,NA
3400,1.030643682259796,Acne_L,0.02929194588147824,176.11800942320775,1.1043348,427,NA
25160,1.02950051793714,Healthy,-0.02925945598409736,546.3640686767142,6.2420349999999996,315,NA
22523,1.0273639701769226,Acne_L,0.029198733115037262,404.20682343208097,5.811683,315,NA
20282,1.0213383991150844,Acne_L,0.029027480232507213,683.2090148077281,5.1939425,315,NA
31562,1.021134114444358,Healthy,-0.02902167425356189,665.4995952355713,7.9560933,375,NA
1662,1.0209880979437418,Acne_L,0.029017524315511068,225.08641400114095,0.707496,315,NA
20515,1.0185124506704597,Healthy,-0.028947163892021538,373.30587664116155,5.319664,164,NA
22261,1.0163484691336426,Acne_L,0.02888566132701674,430.1853675573262,5.5684114,315,NA
4595,1.0154445755099337,Healthy,-0.028859971747228857,269.1593975242835,1.4487672,221,NA
27001,1.013062061286114,Healthy,-0.02879225826010694,423.2498910842154,6.9125,403,NA
25438,1.0117922336778296,Healthy,-0.02875616846280753,590.3985152849223,6.3313785,315,NA
23127,1.0116134014897278,Acne_L,0.028751085869408954,626.3094875307829,5.8090925,NA,NA
5957,1.0113220974204826,Healthy,-0.02874280671029872,159.09144117135838,2.0821347,NA,NA
26314,1.010654133443587,Acne_L,0.028723822491990503,480.3889345128506,6.634764,315,NA
13324,1.0089222322709044,Acne_L,0.02867460009214902,555.3524404687001,3.8645637,315,NA
32073,1.0078846361453602,Healthy,-0.028645110550729977,578.4605016948976,8.112567,NA,NA
28264,1.0065277017916463,Healthy,-0.028606545090777268,627.4363136645211,7.254629,315,NA
24605,1.0062669088404899,Healthy,-0.028599133088799248,526.0136000404112,6.1913805,315,NA
8055,1.0058947591634568,Healthy,-0.028588556214960988,312.20134538373406,2.8420138,352,NA
19183,1.0057764016722712,Healthy,-0.028585192374201904,213.102028912314,5.0714793,315,NA
17972,1.005538834731117,Acne_L,0.028578440479145158,430.2071325346516,4.807938,315,NA
25515,1.0054071672024576,Healthy,-0.028574698353529656,546.372136524464,6.35388,315,NA
32256,1.002053543005067,Acne_L,0.028479384929319465,792.0594035036927,8.176327,315,NA
