ID,comp1,GroupContrib,importance,mz,RT,Corr_ID,Compound_Name
23549,2.8124194323870300,Healthy,-0.08002885645389660,256.29956309915600,5.742246,315,Suspect related to N-Lauroyl-D-erythro-sphinganine (predicted molecular formula SIRIUS: unknown / BUDDY: unknown) with delta m/z 56.097 (putative explanation: unspecified; atomic difference: unspecified) [200.2]
3256,2.765148185870400,Healthy,-0.07868372856923210,316.14994808153600,1.0587293,NA,NA
23230,2.7335132712064900,Acne_NL,0.07778354063303180,300.2893092454070,5.8332725,315,NA
11844,2.731165167758530,Acne_NL,0.07771672412920200,583.4531901379460,3.5760455,410,NA
10878,2.714768215672940,Acne_NL,0.07725014033674640,453.3428817514040,3.412906,339,NA
32888,2.708360795106330,Healthy,-0.07706781385483540,571.4278491008490,8.393587,315,NA
9352,2.672985750667580,Acne_NL,0.07606119858229180,340.2590634460080,3.1339142,194,NA
32637,2.666258248195680,Healthy,-0.07586976400343170,659.4805018678670,8.303822,315,NA
1601,2.6400084152527400,Acne_NL,0.07512281136602030,314.1225463660310,0.7492612,315,NA
32492,2.618984966427980,Healthy,-0.07452457820464030,704.0080609871890,8.260817,315,NA
32825,2.604959414567440,Healthy,-0.0741254738379133,593.4408041019610,8.370215,315,NA
5907,2.598637821503180,Acne_NL,0.07394558962218310,114.09120926166600,2.0723827,NA,NA
19517,2.5841793254276900,Acne_NL,0.07353416560283510,405.26399139906800,5.173613,315,NA
28159,2.564304032612690,Healthy,-0.07296860381736530,668.4912939811300,7.2339993,315,NA
32758,2.5524510070010700,Healthy,-0.07263131981402890,615.4542980766620,8.3475,315,NA
28271,2.53612007480442,Healthy,-0.07216661465182110,627.1033403202670,7.2944655,315,NA
5856,2.5217750768465800,Acne_NL,0.07175842028039150,227.1751090113650,1.7849438,300,"Suspect related to Spectral Match to Ile-Leu from NIST14 (predicted molecular formula SIRIUS: unknown / BUDDY: unknown) with delta m/z -18.011 (putative explanation: Dehydration|Pyro-glu from E|carbodiimide crosslinker; atomic difference: -2H,-1O|-2H,-1O|-2H,-1O) [M+H]+"
29687,2.512745043267480,Acne_NL,0.07150146598233990,802.588637517263,7.5559053,315,NA
32569,2.4985059278197600,Healthy,-0.07109628455275910,681.9951497305610,8.281499,315,NA
27087,2.49291226336873,Acne_NL,0.07093711392399430,323.2209156552700,6.93173,315,NA
32564,2.48579278179485,Healthy,-0.07073452537609110,681.4898902770030,8.282333,315,NA
32700,2.4544012917874600,Healthy,-0.06984126421499070,637.46721846793,8.326373,315,NA
5900,2.4541232780055500,Acne_NL,0.0698333531883535,159.14905121868700,2.0616999,NA,NA
1012,2.4434038610817700,Healthy,-0.06952832660932200,232.10762175937500,0.65794504,NA,NA
11856,2.4374908582627600,Acne_NL,0.06936006904134890,566.4267083527460,3.576434,410,NA
10868,2.390389918028780,Acne_NL,0.06801978731045860,470.3696414633080,3.4122493,339,NA
9339,2.3733296215070800,Acne_NL,0.06753432770735920,362.24097417673300,3.1321073,194,NA
7838,2.3583813624467800,Healthy,-0.06710896722776780,518.0727416088100,2.7881286,201,NA
21329,2.3548647384312500,Acne_NL,0.06700889986395260,403.1723118206420,5.4842587,439,NA
10862,2.3440470548440800,Acne_NL,0.06670107705594920,475.3249524469590,3.4102414,339,NA
1060,2.3404737908242200,Acne_NL,0.0665993979713771,250.12826835657900,0.6018633,315,Suspect related to Val-Met (predicted molecular formula SIRIUS: C10H19NO6 / BUDDY: C10H19NO6) with delta m/z 1.003 (putative explanation: C isotope; atomic difference: (13)C) [M+H]+
31627,2.3309685991949800,Healthy,-0.06632892280408760,524.4513548631800,8.064683,315,NA
1023,2.3010013080052100,Healthy,-0.06547618796044360,271.00092363153800,0.65643394,315,NA
4976,2.29634628701832,Healthy,-0.06534372691922760,811.3545761150310,1.5621246,NA,NA
32710,2.2942834281832400,Healthy,-0.0652850271990877,637.9689789188720,8.325761,315,NA
12310,2.290945386303830,Acne_NL,0.0651900414827582,443.2704977323380,3.6735072,315,NA
29059,2.2812640040381400,Acne_NL,0.06491455271934900,311.25739667120800,7.4214296,31,"Suspect related to NCGC00381425-01!8-hydroxy-8-(3-octyloxiran-2-yl)octanoic acid [IIN-based on: CCMSLIB00000846585] (predicted molecular formula SIRIUS: C19H34O3 / BUDDY: C19H34O3) with delta m/z -3.995 (putative explanation: Pyro-Glu from E + Methylation|Thr->Pro substitution; atomic difference: 1C,-1O|1C,-1O) [M+H]+"
4737,2.2741264191980900,Acne_NL,0.06471144903359940,218.0921944300290,1.2418643,NA,NA
11446,2.269596089032970,Acne_NL,0.06458253613451370,355.21962877294600,3.5032003,315,NA
31961,2.231625012417490,Healthy,-0.06350204941732430,607.4271150228070,8.074584,315,NA
17990,2.2300773277450400,Acne_NL,0.06345800924569810,399.27644469385600,4.5027647,315,NA
20042,2.2256699771085500,Acne_NL,0.06333259579300740,294.2399953620360,5.2314587,315,NA
7987,2.208989604957810,Healthy,-0.06285794713531550,357.21121497119000,2.8590705,415,NA
20532,2.190918263175020,Healthy,-0.06234371771391070,431.3133691585200,5.3172555,164,NA
2030,2.162942752542310,Acne_NL,0.06154766002106890,206.0922185800250,0.81000936,315,NA
32999,2.1620897925282700,Healthy,-0.06152338860061910,527.4015288791620,8.439626,315,NA
32527,2.1589428346752900,Acne_NL,0.06143384027956050,666.5504874583800,8.270105,NA,NA
4480,2.146431655764710,Healthy,-0.06107782818208540,289.12886127418400,1.4122238,338,Suspect related to Adipoyl-L-carnitine (predicted molecular formula SIRIUS: C13H20O7 / BUDDY: C13H20O7) with delta m/z -1.036 (putative explanation: unspecified; atomic difference: unspecified) [M+H]+
30095,2.1294444759527000,Healthy,-0.06059444915295610,645.9666412931910,7.6327224,315,NA
12383,2.127669682233740,Acne_NL,0.06054394647539160,679.5102912098370,3.6921134,170,NA
30044,2.1091324685549300,Healthy,-0.06001646042708980,347.255912234741,7.6318154,NA,NA
12419,2.0907662314398800,Acne_NL,0.05949383960575980,584.3552307659050,3.6992629,315,NA
28339,2.073891616348770,Acne_NL,0.05901366366425920,420.2153838542070,7.27265,174,NA
13541,2.067855210793320,Acne_NL,0.05884189460729310,608.2901946767830,3.897291,NA,NA
29127,2.054389814103280,Acne_NL,0.05845872974703330,562.4301319579640,7.4347095,NA,NA
2798,2.0445281536539700,Healthy,-0.058178111074225700,342.21186456050400,0.85311604,318,NA
29625,2.0433358155185500,Acne_NL,0.0581441824729704,846.6131696717620,7.531549,315,NA
5931,2.039708292330130,Acne_NL,0.05804095941556070,188.07031841406500,2.0758626,399,Spectral Match to Abrine from NIST14
224,2.0200678512593800,Acne_NL,0.05748208045851700,262.12829367868600,0.6120837,NA,NA
12304,2.0108169952786500,Acne_NL,0.05721884254427430,562.3426140599580,3.6716013,315,"Suspect related to 3,6,9,12,15-Pentaoxaheptacosan-1-ol, hydrogen sulfate (predicted molecular formula SIRIUS: unknown / BUDDY: unknown) with delta m/z 58.042 (putative explanation: unspecified|PPG repeat unit|Reduced acrolein addition +58; atomic difference: 1C,4H,3N|3C,6H,1O|3C,6H,1O) [M+NH4]+"
28335,1.9980548498697200,Healthy,-0.0568556890646711,612.7607220543840,7.2596693,315,NA
32760,1.991431912251790,Healthy,-0.056667229933069,615.9558690697760,8.346993,315,NA
5930,1.9913653662575000,Acne_NL,0.05666533633222000,205.09691824672700,2.0760007,399,D-TRYPTOPHAN - 60.0 eV
13269,1.990144191375520,Acne_NL,0.0566305871663561,498.3096873777910,3.8610332,315,NA
21324,1.9888706493487000,Acne_NL,0.05659434786617250,398.2170635483590,5.4830976,439,NA
5963,1.9743622870246700,Healthy,-0.056181504876808900,209.13795467044500,2.0898535,NA,NA
1903,1.9738860798898300,Acne_NL,0.056167954155320700,147.04382757271700,0.6986134,315,NA
8993,1.973839546824620,Acne_NL,0.056166630032768600,345.2118828955060,3.0636895,NA,NA
13324,1.9725129752992800,Acne_NL,0.056128881750647200,555.3524404687000,3.8645637,315,NA
6133,1.965548868034380,Healthy,-0.05593071445944810,312.12859655904900,2.139825,315,NA
32624,1.9514381682720000,Healthy,-0.05552918716492620,659.9820708528050,8.303561,315,NA
32763,1.9387831788808000,Healthy,-0.05516908286549230,515.3622509196270,8.1953945,315,NA
11982,1.9255557608006700,Acne_NL,0.054792689810245900,496.3033025665030,3.5875134,315,NA
14175,1.9244228626026600,Acne_NL,0.05476045260329830,211.0751967824290,4.035824,296,NA
11764,1.911045690192340,Acne_NL,0.054379798210764700,377.2343895242620,3.552598,315,NA
33060,1.8990889468221600,Acne_NL,0.054039562864710300,992.7420230368810,8.4609375,315,NA
1573,1.8986786952162100,Healthy,-0.05402788894207140,284.1231189485010,0.749497,354,NA
1470,1.8905712446447600,Acne_NL,0.05379718722293290,264.14393328852000,0.7614326,315,NA
31941,1.8863426003655500,Healthy,-0.05367685895250560,622.48696937839100,8.073392,315,NA
6439,1.8794138732022500,Healthy,-0.05347969842048310,514.218633629969,2.2846417,NA,NA
30129,1.8748441274795600,Healthy,-0.053349663931224200,313.2734318510840,7.645651,350,"Suspect related to 1,2-Dioleoyl-sn-glycerol (predicted molecular formula SIRIUS: unknown / BUDDY: C37H70O5) with delta m/z -26.015 (putative explanation: Alkyl loss (typically partial loss from ring)|Pro->Ala substitution; atomic difference: -2C,-2H|-2C,-2H) [M-C18H34O2+H]+"
28412,1.867038468611070,Healthy,-0.053127549851823000,580.4421771274360,7.288647,315,NA
4245,1.8664219941269600,Healthy,-0.053110007750019900,385.0799574139380,1.3512739,315,NA
2078,1.8651707235694400,Acne_NL,0.053074402196068900,165.05444763655300,0.700507,315,Spectral Match to p-Hydroxyphenyllactic acid from NIST14
616,1.864142909416600,Acne_NL,0.053045155210234700,217.11807292323700,0.7073752,315,Candidate N-acetylornithine-C2:0 (delta mass:42.0107)
32898,1.8599474577205600,Acne_NL,0.05292577145201020,406.38870514153100,8.402202,NA,NA
31793,1.8598815698525800,Healthy,-0.05292389657848770,568.4784001671920,8.039501,315,NA
28566,1.857218380629250,Healthy,-0.05284811414518150,583.4097360865740,7.311101,315,NA
1197,1.8416060152627400,Acne_NL,0.052403856175536500,276.1436829716470,0.6789317,315,"Suspect related to Massbank:PR310824 N-Fructosyl isoleucine (predicted molecular formula SIRIUS: C12H21NO6 / BUDDY: C12H21NO6) with delta m/z -18.011 (putative explanation: Dehydration|Pyro-glu from E|carbodiimide crosslinker; atomic difference: -2H,-1O|-2H,-1O|-2H,-1O) [M+H]+"
8581,1.8393174679727000,Healthy,-0.052338734373129200,212.16416613283200,2.9600298,315,NA
1613,1.8308686466055900,Healthy,-0.05209831877060320,255.1334571806300,0.75213575,NA,NA
1267,1.8138591886494100,Acne_NL,0.05161430580530450,136.07552108166900,0.71915656,315,NA
30561,1.8078598721760800,Acne_NL,0.05144359213744370,513.317656759995,7.5859356,304,NA
645,1.8071101338092100,Acne_NL,0.051422257942604400,217.08153400771300,0.62058717,315,"Suspect related to Spectral Match to PyroGlu-Val from NIST14 (predicted molecular formula SIRIUS: C8H12N2O5 / BUDDY: C8H12N2O5) with delta m/z -12.036 (putative explanation: Leu/Ile->Thr substitution|Val->Ser substitution|Dealkylation+hydroxylation; atomic difference: -2C,-4H,1O|-2C,-4H,1O|2C,4H,-1O) [M+H]+"
2965,1.8059258435283800,Acne_NL,0.05138855834723360,120.08062359925800,0.977423,71,NA
3400,1.8030061109304000,Acne_NL,0.05130547583888630,176.11800942320800,1.1043348,427,NA
3401,1.802970633461010,Acne_NL,0.05130446630905840,220.10787173741500,1.1044769,427,NA
28443,1.8018628661719600,Healthy,-0.05127294421518510,597.7506725165260,7.2837906,315,NA
11588,1.8012608021948200,Acne_NL,0.051255812171846000,333.20900029308700,3.5307724,315,NA
20569,1.7945484545341500,Acne_NL,0.051064808831014800,434.180494385818,5.327261,315,NA
2361,1.7860387932699600,Acne_NL,0.0508226619976014,257.14919546927300,0.8100578,NA,NA
30794,1.7815393136952500,Healthy,-0.05069462696809800,513.3863717727470,7.7775455000000000,315,NA
29029,1.7800470278675400,Healthy,-0.0506521631993875,777.5431742931740,7.4061933,315,NA
32952,1.7728326149800500,Healthy,-0.05044687333162330,549.4156593335490,8.415323,315,NA
9353,1.7570446562835500,Acne_NL,0.049997618762524500,385.3168967892110,3.1338656,194,NA
31134,1.7540350431686600,Healthy,-0.04991197865736110,469.36032507002300,7.8307047,315,NA
2969,1.7532694825166900,Acne_NL,0.049890194231177000,166.0861090072680,0.9777797,71,Phenylalanine - 50.00 eV
29821,1.7519330614172000,Acne_NL,0.049852165674304900,758.561464066019,7.5819635,315,NA
1275,1.728818215750520,Healthy,-0.04919442072897060,159.07621056837200,0.7197947,294,NA
28946,1.7278280924720100,Acne_NL,0.04916624625655170,379.2381753814730,7.403913,315,"Suspect related to Octocrylene (predicted molecular formula SIRIUS: C15H32N5O6 / BUDDY: C22H34O5) with delta m/z 17.027 (putative explanation: replacement of proton with ammonium ion; atomic difference: 3H,1N) [M+H]+"
30538,1.7275578656772700,Healthy,-0.04915855681268110,557.4131700372150,7.7215004,315,NA
1652,1.7262885967502400,Acne_NL,0.04912243910577250,582.2020132307720,0.75787723,315,NA
1368,1.7197499709027100,Acne_NL,0.04893637910941090,132.1017009045830,0.71511286,315,ISOLEUCINE - 60.0 eV
28178,1.7088625516020300,Healthy,-0.04862657193544040,642.1128117130170,7.230993,315,NA
32502,1.7069162402486400,Healthy,-0.04857118863445700,703.5064461938380,8.260513,315,NA
31119,1.7054415636857200,Healthy,-0.04852922594652680,579.4253177003790,7.695795,315,NA
1485,1.7020793719273800,Acne_NL,0.04843355303284270,201.08654672184700,0.7118526,315,NA
5389,1.6962473243304000,Acne_NL,0.04826759908778160,272.2328252082700,1.7829528,300,NA
28809,1.6916022189101700,Healthy,-0.048135420199167800,594.4294454376930,7.37045,315,NA
4390,1.6846943953754500,Acne_NL,0.047938854490759400,267.0428792691500,1.3809005,NA,NA
29058,1.682224060983290,Acne_NL,0.04786855984189350,333.2398271329160,7.42032,31,NA
10350,1.6672456920853400,Acne_NL,0.047442342571224800,560.3270288548890,3.325526,NA,NA
8484,1.6642421348081400,Acne_NL,0.04735687478806970,658.2542105593050,2.9280438,NA,NA
27987,1.6635248639614900,Healthy,-0.04733646447339070,671.4609649892690,7.177354,315,NA
14945,1.6572561619522100,Acne_NL,0.04715808530011500,305.10074972687700,4.1908364,NA,NA
29440,1.6570593714291300,Healthy,-0.04715248552351660,535.3980477343510,7.7468243,315,NA
32427,1.655435384965400,Healthy,-0.047106274144768300,725.5194562198280,8.23833,315,NA
32727,1.653247212892110,Healthy,-0.04704400857131470,648.4329943488510,8.335316,315,NA
7222,1.6495669427902500,Healthy,-0.046939284573072400,170.1173279912630,2.567173,373,NA
12162,1.648059231284000,Acne_NL,0.04689638185866300,540.3289312604550,3.6424031,315,NA
30644,1.6451345868240600,Healthy,-0.04681315958073100,491.3728801054530,7.805905,315,NA
12318,1.6393941565387900,Acne_NL,0.04664981265388460,309.1447776117920,3.7461793,NA,NA
28040,1.6393641545653200,Acne_NL,0.04664895893213870,309.2420793615220,7.201498,317,"Suspect related to Spectral Match to 9-Oxo-10E,12Z-octadecadienoic acid from NIST14 (predicted molecular formula SIRIUS: C19H34O4 / BUDDY: C19H34O4) with delta m/z 32.026 (putative explanation: unspecified; atomic difference: 1C,4H,1O) [M-H2O+H]+"
30218,1.6374325509330900,Healthy,-0.04659399414700400,601.4396442375230,7.6671677,315,lithocholic-acid_L-leucine-L-phenylalanine [Bile-acid; Dipeptide] (known structural isomers: 0; isobaric peaks in run: 0)
7083,1.6367153949236900,Healthy,-0.04657358710007840,313.1850506828880,2.5834577,368,Suspect related to Triethylene glycol monobutyl ether (predicted molecular formula SIRIUS: C20H24O3 / BUDDY: C20H24O3) with delta m/z 106.026 (putative explanation: unspecified; atomic difference: unspecified) [M+H]+
30145,1.6262660336178200,Healthy,-0.04627624509399190,330.29998614660400,7.6502147,350,NA
11639,1.6260266476887900,Acne_NL,0.04626943324298190,271.08044005772000,3.3623586,NA,NA
27758,1.6219146849747900,Acne_NL,0.0461524252071273,326.3050564803940,7.1323557,NA,Spectral Match to N-Oleoylethanolamine from NIST14
27815,1.6166109543522100,Acne_NL,0.04600150479611880,336.2507931905300,7.1471252,447,NA
32379,1.6157485978492500,Healthy,-0.045976965993693700,748.0340600040340,8.217727,315,NA
32597,1.6107504378967900,Healthy,-0.045834740754896600,464.3371221033780,8.293623,78,NA
11090,1.6036369131401200,Acne_NL,0.045632321711322500,648.3791641335910,3.449159,315,NA
7278,1.6036205989824800,Healthy,-0.045631857483489300,267.13195159705000,2.5841482,373,NA
11957,1.5936257779363000,Acne_NL,0.0453474496566992,399.2450868164040,3.5948915,315,NA
28290,1.5852669576213800,Healthy,-0.04510959508088350,672.5248693689230,7.323499,315,Suspect related to Undecaethylene glycol tridecyl ether (predicted molecular formula SIRIUS: unknown / BUDDY: unknown) with delta m/z -12.985 (putative explanation: unspecified; atomic difference: unspecified) [M+H]+
24751,1.5822238904178900,Healthy,-0.045023003022244000,412.23278979550400,6.2173615,366,NA
21340,1.5820539428654500,Healthy,-0.04501816707632400,222.184988085767,5.4846916,315,NA
29244,1.5784124656383000,Healthy,-0.04491454694949120,495.0228506814950,7.447527,315,NA
4782,1.570067370391690,Acne_NL,0.0446770829276263,229.15439518480500,1.4806818,NA,NA
21740,1.56832592626324,Healthy,-0.04462752922999040,435.2843202318780,5.561553,NA,NA
10709,1.5675758613146100,Acne_NL,0.04460618574209730,604.3532991641200,3.391367,315,desmethylenylnocardamine
29032,1.5639916017175100,Healthy,-0.04450419377266130,539.0489616319470,7.3991957,315,NA
31633,1.5597464899755200,Healthy,-0.04438339691202290,656.5299372657470,7.990747,315,NA
6979,1.5591241367828500,Acne_NL,0.04436568752851260,424.25344814916600,2.47858,NA,NA
28091,1.5543878619295900,Healthy,-0.044230914366304700,656.7877800341330,7.207308,315,NA
12551,1.5494628290110300,Acne_NL,0.04409076999525860,606.3690507274940,3.7256682,315,NA
32377,1.5493901433074500,Healthy,-0.0440887016857912,747.532915161589,8.218766,315,NA
11462,1.547794739088690,Healthy,-0.04404330362967660,226.17988713844400,3.5064723,NA,NA
9892,1.5458410992357400,Acne_NL,0.04398771179243020,516.3006944499310,3.2497525,315,"Suspect related to Spectral Match to Nonaethylene glycol from NIST14 (predicted molecular formula SIRIUS: unknown / BUDDY: unknown) with delta m/z 101.047 (putative explanation: unspecified; atomic difference: 4C,7H,1N,2O) [M+H]+"
4554,1.5456398967878900,Healthy,-0.043981986472219400,272.05760230057300,1.4368116,315,NA
12148,1.5397160893798800,Acne_NL,0.043813421454051600,421.2591319503170,3.6356087,315,NA
1546,1.528241671371780,Acne_NL,0.043486910926821000,215.138792815066,0.7559303,315,NA
1821,1.5263094748611500,Acne_NL,0.043431929271023300,189.12305421711900,0.6741516,NA,Spectral Match to N.epsilon.-Acetyl-L-lysine from NIST14
14590,1.5216912542706600,Acne_NL,0.04330051540421090,599.3781464058700,3.9111981,315,lithocholic-acid_L-leucine-L-alanine [Bile-acid; Dipeptide] (known structural isomers: 0; isobaric peaks in run: 1)
30441,1.519136082770270,Acne_NL,0.04322780667134370,457.3483902221960,7.6734567,315,"Suspect related to Ginsenoside F1 (predicted molecular formula SIRIUS: unknown / BUDDY: C35H60O12) with delta m/z 33.963 (putative explanation: Chlorination of tyrosine residues; atomic difference: 1Cl,-1H) [M-C6H16O8+H]+"
7318,1.5142330103787400,Acne_NL,0.04308828719850600,303.0857263987080,2.5293238,244,Suspect related to Catechin (predicted molecular formula SIRIUS: C16H14O6 / BUDDY: C16H14O6) with delta m/z 12.0 (putative explanation: formaldehyde adduct|methylation and reduction|unspecified; atomic difference: 1C|1C|1C) [M+H]+
17505,1.5058249445668600,Healthy,-0.04284903131648310,450.31293787393100,4.6943927,315,NA
345,1.504210242234380,Acne_NL,0.04280308412251420,192.08634657844400,0.5411144,NA,NA
28888,1.497939170250720,Healthy,-0.04262463751038640,799.5562410545980,7.3823133,315,NA
29236,1.4973347491998800,Acne_NL,0.04260743839529040,498.3627245567410,7.4568853,315,NA
13153,1.491888405785660,Healthy,-0.04245245986318530,612.2645738335230,3.8308945,NA,NA
23591,1.4916177131959000,Healthy,-0.04244475716487520,374.1596763562710,5.904033,NA,NA
4758,1.4863041095334800,Healthy,-0.04229355581138730,298.1291228286120,1.5482596,315,NA
11096,1.4841204505111000,Healthy,-0.042231418659142800,507.2793706824800,3.4514446,474,"Suspect related to NCGC00385079-01_C19H34O7_4-(4-Hydroxy-2,6,6-trimethyl-1-cyclohexen-1-yl)-2-butanyl beta-D-glucopyranoside (predicted molecular formula SIRIUS: C24H42O11 / BUDDY: C30H38N2O5) with delta m/z 132.042 (putative explanation: Pentose; atomic difference: 5C,8H,4O) [M+H]+"
954,1.4815709897809200,Acne_NL,0.04215887242920960,130.0497015678720,0.64796996,315,L-Pyroglutamic acid - 40.0 eV
675,1.4776370602384400,Acne_NL,0.04204693041976760,174.11224870698600,0.6646343,315,NA
3584,1.4772449503398700,Healthy,-0.042035772728839400,287.1962080675960,1.141546,NA,NA
9790,1.4740952588573500,Healthy,-0.04194614662093170,514.2276075825100,3.2595978,196,NA
15519,1.4724264174171500,Healthy,-0.04189865887051880,722.4881351869090,4.287785,315,NA
28856,1.4681508036368500,Healthy,-0.041776994058529700,524.7077816300300,7.4162297,315,NA
12678,1.4631377454450400,Acne_NL,0.04163434488258960,628.3815844691370,3.75007,315,NA
7850,1.4579511925697700,Acne_NL,0.041486758825273600,471.2216137662070,2.7852595,108,NA
5873,1.4568687085684800,Acne_NL,0.041455956180492000,229.11798345926400,1.854606,32,Suspect related to Spectral Match to PyroGlu-Phe from NIST14 (predicted molecular formula SIRIUS: C10H16N2O4 / BUDDY: C10H16N2O4) with delta m/z -48.0 (putative explanation: Phe->Val substitution; atomic difference: -4C) [M+H]+
13049,1.454158047336850,Acne_NL,0.041378822906520100,694.420899934106,3.8157048,315,NA
14185,1.4538859005608700,Acne_NL,0.04137107882858570,566.2592072617670,4.011449,NA,NA
32149,1.4535084887122300,Acne_NL,0.04136033937830630,508.39925410274100,8.134282,315,NA
25298,1.4508842220234100,Acne_NL,0.04128566450594630,474.2116607865150,6.305389,315,NA
12715,1.449797366668820,Acne_NL,0.0412547374720348,467.30047685837900,3.7548919,315,NA
29416,1.4461987840640300,Healthy,-0.041152337933971800,689.4923228112320,7.5626936,315,NA
28107,1.4439998245662500,Healthy,-0.04108976539874830,848.6291907743000,7.228099,315,NA
30061,1.4430542276549800,Healthy,-0.04106285794724830,623.4515679332010,7.6411905,315,NA
22636,1.4428985330568700,Acne_NL,0.04105842757655050,397.10421063299400,5.721126,315,NA
28683,1.4416254085063800,Healthy,-0.041022200155872700,568.7345420393690,7.334391,315,NA
26788,1.4381059322575700,Acne_NL,0.04092205163027770,314.26855345332900,7.020738,NA,Candidate Alanine/Sarcosine-C15:0 (delta mass:224.2139)
28493,1.4375044051527100,Healthy,-0.04090493486391860,598.0852718428600,7.300831,315,NA
6518,1.436295314937520,Healthy,-0.040870529573528000,259.02595827695600,2.3228853,NA,NA
7233,1.4359345519896400,Healthy,-0.0408602638763714,253.1163649090170,2.5396664,373,NA
8280,1.4311568407566300,Acne_NL,0.04072431162044500,241.11637268894100,2.895939,286,NA
23217,1.4278536074781300,Acne_NL,0.04063031640094310,322.27116410608800,5.831638,315,NA
32914,1.4268136874199800,Acne_NL,0.040600724935282300,312.3256516654440,8.405662,NA,NA
20472,1.4201866781172400,Healthy,-0.040412149941772900,369.0940761595860,5.3079343,NA,NA
10331,1.4192595884053100,Healthy,-0.04038576912224730,154.12241985354800,3.3198216,210,NA
30125,1.4187636237228500,Healthy,-0.040371656189474500,335.2556120343680,7.645403,350,NA
26011,1.4120664714640100,Healthy,-0.04018108524169870,619.9220740313590,6.543063,315,NA
853,1.411979043175810,Acne_NL,0.04017859742432510,266.0957642805700,0.6402495,NA,OXYTHIAMINE
26456,1.4096947470839700,Healthy,-0.040113596591971400,707.4902965208460,6.687061,315,NA
12982,1.4082673677518100,Acne_NL,0.040072979771321400,489.3139600424080,3.7869673,315,NA
11709,1.4070142103318700,Healthy,-0.04003732052571950,217.1544101032360,3.551907,NA,NA
6330,1.403365340794160,Healthy,-0.03993349004684800,353.14302131755000,2.2232919,6,NA
13288,1.4024050603607,Acne_NL,0.03990616476809340,518.3162824464870,3.720716,315,"Suspect related to 3,6,9,12,15-Pentaoxaheptacosan-1-ol, hydrogen sulfate (predicted molecular formula SIRIUS: unknown / BUDDY: unknown) with delta m/z 14.016 (putative explanation: Asn->Gln substitution|Asp->Glu substitution|Gly->Ala substitution|Methylation|Ser->Thr substitution|Val->Leu/Ile substitution|chain elongation; atomic difference: 1C,2H|1C,2H|1C,2H|1C,2H|1C,2H|1C,2H|1C,2H) [M+NH4]+"
27768,1.4013154187239400,Acne_NL,0.03987515844907480,642.4760102569850,7.0912337,329,NA
2372,1.393690886781750,Acne_NL,0.039658198430486300,247.1284500226180,0.8655245,NA,Suspect related to Spectral Match to Glu Phe from METLIN (predicted molecular formula SIRIUS: C10H18N2O5 / BUDDY: C10H18N2O5) with delta m/z -48.0 (putative explanation: Phe->Val substitution; atomic difference: -4C) [M+H]+
379,1.3882984958790900,Acne_NL,0.039504755145134600,245.07659440679400,0.65536463,315,URIDINE
14695,1.3869764171010500,Acne_NL,0.039467134706472500,478.241643688464,4.1332917,481,NA
29351,1.383098211932370,Healthy,-0.03935677836304480,756.0320646148300,7.5005245,NA,NA
4546,1.3775059299299900,Healthy,-0.0391976470725749,279.13361428541700,1.4356871,NA,Spectral Match to Tyr-Pro from NIST14
26404,1.3733269548105500,Healthy,-0.03907873216389980,509.2741553192030,6.6668663,NA,NA
3259,1.3714755928235500,Acne_NL,0.03902605069647880,227.1023793703040,0.77203983,315,"Suspect related to Genipin (predicted molecular formula SIRIUS: C11H16O6 / BUDDY: C11H16O6) with delta m/z 18.01 (putative explanation: Proline oxidation to 5-hydroxy-2-aminovaleric acid|water; atomic difference: 2H,1O|2H,1O) [M-H2O+H]+"
28831,1.371398984779310,Healthy,-0.03902387077476970,400.2719296870640,7.3784714,NA,NA
851,1.3710400799305700,Acne_NL,0.03901365795078980,345.1649303890640,0.6264282,NA,NA
30708,1.3706321349800700,Healthy,-0.039002049665230200,876.6593409046150,7.8121095,315,NA
24392,1.3692474144186900,Healthy,-0.03896264672207080,428.37282083833400,6.1563983,NA,"Suspect related to Sorbitane Monopalmitate - Polysorbate 40 in-source fragment (predicted molecular formula SIRIUS: C25H49NO4 / BUDDY: C25H49NO4) with delta m/z 26.016 (putative explanation: Acetaldehyde +26|Ala->Pro substitution|unspecified; atomic difference: 2C,2H|2C,2H|2C,2H) [M+H]+"
32271,1.3668086015666000,Healthy,-0.0388932490350079,698.5400620530780,8.184524,315,NA
21023,1.3664571244613600,Acne_NL,0.03888324757132940,372.3297834908630,5.4127297,254,Suspect related to CocamidopropylBetaine (predicted molecular formula SIRIUS: C19H41N5O2 / BUDDY: C25H41NO) with delta m/z 29.031 (putative explanation: unspecified; atomic difference: unspecified) [M+H]+
29424,1.365161854504390,Healthy,-0.03884638999160200,733.5182056801750,7.480763,315,NA
29043,1.3644991393442700,Healthy,-0.03882753208733370,496.34674668283400,7.426698,315,NA
14052,1.3616080932129300,Acne_NL,0.03874526586730160,665.4182626992270,3.9721503,315,NA
1777,1.3538784676065000,Healthy,-0.038525315353884100,366.1764018782770,0.7732551,315,NA
23737,1.3536845281506900,Acne_NL,0.03851979670588620,790.5864138779630,6.015891,NA,NA
5919,1.3534097706553800,Acne_NL,0.038511978338576300,227.07876836092700,2.0730987,399,NA
12785,1.347667066521300,Acne_NL,0.03834856670818030,396.8010153031060,3.7731986,26,NA
11439,1.344426183224690,Acne_NL,0.038256345689814000,692.4050806790880,3.502385,315,NA
6854,1.3390768578275300,Acne_NL,0.03810412785580070,178.13367025597000,2.4620807,NA,NA
27585,1.3386615883590600,Acne_NL,0.03809231114727620,862.6436151094800,7.073474,315,NA
23713,1.3380160947983100,Healthy,-0.03807394329256700,612.3320252178250,6.132108,79,NA
7265,1.3345658823472000,Acne_NL,0.03797576570432890,433.1335195538870,2.5792928,272,NA
5021,1.3300139870220200,Acne_NL,0.03784623915740760,223.1073228416100,1.604073,NA,NA
17742,1.329534708233920,Healthy,-0.03783260103042960,359.3263640807890,4.741069,NA,"Suspect related to Massbank: Lauramidopropyl betaine|3-(Dodecanoylamino)propyl(carboxymethyl)dimethylammonium|carboxymethyl-[3-(dodecanoylamino)propyl]-dimethylazanium (predicted molecular formula SIRIUS: unknown / BUDDY: C20H42N2O3) with delta m/z 16.031 (putative explanation: Pro->Leu/Ile substitution|unspecified; atomic difference: 1C,4H|1C,4H) unknown"
21287,1.327805921129550,Acne_NL,0.037783407494991000,367.11498182357600,5.075872,NA,NA
28624,1.3246160275228400,Healthy,-0.03769263741474800,608.4269818602790,7.3333735,NA,NA
23155,1.3242850913546200,Healthy,-0.03768322045410660,401.3368487719970,5.8190618,184,NA
108,1.3225935236492000,Healthy,-0.037635086016006800,172.11907831305400,0.63935405,192,NA
19685,1.3123798258798000,Acne_NL,0.03734444993831580,376.1388219543620,5.1618586,315,NA
28594,1.3108307547005700,Healthy,-0.03730037031291880,583.075266580509,7.318651,315,NA
2416,1.3097456588443000,Healthy,-0.03726949334644620,247.1165262195790,0.87273586,151,NA
29954,1.3095133503201300,Healthy,-0.03726288288666920,645.4665498916900,7.6179767,315,NA
29819,1.308875981605860,Healthy,-0.03724474622868880,667.4776868753950,7.589593,315,NA
1178,1.3035514944201400,Acne_NL,0.03709323517888980,294.1543717054300,0.67779315,315,"Suspect related to Massbank:PR310825 N-Fructosyl isoleucine (predicted molecular formula SIRIUS: C12H25NO8 / BUDDY: C12H25NO8) with delta m/z 18.01 (putative explanation: Proline oxidation to 5-hydroxy-2-aminovaleric acid|water; atomic difference: 2H,1O|2H,1O) [M-H2O+H]+"
2167,1.3023838911238000,Acne_NL,0.037060010420334300,253.11782903377700,1.0739738,NA,NA
31664,1.301355068266170,Healthy,-0.03703073473128100,480.42569246356700,8.081966,315,NA
28688,1.2989730206369600,Healthy,-0.0369629523281339,562.3877084636110,7.3471127,315,NA
10643,1.2963735867579200,Acne_NL,0.03688898408628100,288.15280343060700,3.3790405,377,NA
5371,1.2947990968565600,Healthy,-0.03684418115793640,267.1318470990290,1.7417407,NA,NA
30906,1.2909172140595500,Acne_NL,0.03673372016568340,564.4465918824780,7.594713,301,NA
20282,1.288997618668700,Acne_NL,0.036679097081297600,683.2090148077280,5.1939425,315,NA
14195,1.28662068004467,Acne_NL,0.036611460057548,577.0299508264290,4.016575,315,NA
20989,1.2837199653471800,Acne_NL,0.03652891871344200,371.3265486199690,5.412443,254,"Suspect related to Massbank: Lauramidopropyl betaine|3-(Dodecanoylamino)propyl(carboxymethyl)dimethylammonium|carboxymethyl-[3-(dodecanoylamino)propyl]-dimethylazanium (predicted molecular formula SIRIUS: unknown / BUDDY: C21H42N2O3) with delta m/z 28.031 (putative explanation: Acetaldehyde +28|Ala->Val substitution|Cys->Met substitution|Ethylation|di-Methylation; atomic difference: 2C,4H|2C,4H|2C,4H|2C,4H|2C,4H) unknown"
21714,1.2824543235104400,Acne_NL,0.03649290421727260,367.18811184727600,5.4510303,315,NA
8191,1.280916724559890,Acne_NL,0.03644915104010400,529.1881859743340,2.9553497,NA,NA
25001,1.277570000011250,Acne_NL,0.036353918253909700,472.9878774779250,6.251289,315,NA
3457,1.2763452102690200,Healthy,-0.03631906622531870,433.2514224655810,1.1226314,434,NA
2052,1.2732377902012000,Acne_NL,0.036230642972483100,269.1123125017080,0.8246079,NA,NA
8652,1.2711274960053000,Healthy,-0.03617059345450070,418.2646521063330,3.0807548,239,NA
30669,1.266565948410190,Acne_NL,0.03604079224722240,608.4727612405420,7.75141,315,NA
2442,1.264436032811510,Acne_NL,0.035980184392027500,255.0969837252170,0.6723256,NA,NA
12931,1.261317016092130,Acne_NL,0.03589143115044540,672.4077463153830,3.7951589,315,NA
1612,1.2597005074219700,Healthy,-0.035845432556199100,234.08685710582200,0.75545883,NA,NA
3251,1.256886081523590,Healthy,-0.03576534660471290,393.17252399887900,1.1036439,NA,NA
699,1.249988914879030,Acne_NL,0.03556908414365190,263.11092498386900,0.7343127,199,NA
7573,1.2458347343781700,Healthy,-0.035450874778733300,272.1852102630040,2.6706564,NA,NA
13954,1.244147286988210,Acne_NL,0.03540285758635090,533.3399970213970,3.84286,315,NA
5140,1.2412902629723500,Acne_NL,0.03532155948329510,245.18569893102800,1.6481578,NA,NA
24573,1.2409324907061700,Healthy,-0.03531137888754060,382.222578551235,6.1883373,366,NA
15555,1.2406258896555500,Healthy,-0.0353026543953164,480.3299748352860,4.2411323,265,NA
13873,1.23916780769129,Acne_NL,0.03526116391531490,621.3920123856920,3.9338367,315,NA
22911,1.2259679104135100,Acne_NL,0.03488555397880080,423.3571439188350,5.7749286,NA,"Suspect related to Massbank: Lauramidopropyl betaine|3-(Dodecanoylamino)propyl(carboxymethyl)dimethylammonium|carboxymethyl-[3-(dodecanoylamino)propyl]-dimethylazanium (predicted molecular formula SIRIUS: unknown / BUDDY: C25H46N2O3) with delta m/z 80.062 (putative explanation: unspecified; atomic difference: 6C,8H) unknown"
4486,1.2259605288247400,Healthy,-0.03488534393185660,297.14451136675300,1.4622558,NA,NA
30765,1.2226527347955400,Acne_NL,0.03479121893382330,625.3587789773460,7.767187,315,NA
4595,1.2203399391287300,Healthy,-0.034725407131254000,269.1593975242840,1.4487672,221,NA
1119,1.2189868934983500,Acne_NL,0.03468690551471630,182.0809390963230,0.6720225,315,Spectral Match to L-Tyrosine from NIST14
6188,1.2182311847643900,Acne_NL,0.03466540142997870,303.08570035101500,2.1808522,NA,Suspect related to Catechin (predicted molecular formula SIRIUS: C16H14O6 / BUDDY: C16H14O6) with delta m/z 12.0 (putative explanation: formaldehyde adduct|methylation and reduction|unspecified; atomic difference: 1C|1C|1C) [M+H]+
15873,1.2182127989941700,Healthy,-0.03466487825333290,317.2433702694470,4.3538647,NA,NA
19671,1.2180611209002400,Acne_NL,0.03466056217434900,381.0940663748250,5.1588426,315,NA
29376,1.2178384979841200,Healthy,-0.03465422732358210,524.3719643997940,7.4574776,315,NA
23127,1.2163332711889700,Acne_NL,0.034611395312918300,626.3094875307830,5.8090925,NA,NA
32242,1.2132447993031700,Healthy,-0.03452351124044870,534.0515190973390,8.177242,315,NA
25454,1.211265798519510,Healthy,-0.03446719774473970,565.7118477807490,6.328042,315,NA
28709,1.2107949460087300,Healthy,-0.03445379939186160,568.4015905384480,7.34099,315,NA
19932,1.2092945528006200,Acne_NL,0.034411104923428700,375.1770352488050,5.284132,315,NA
4775,1.203296064390480,Acne_NL,0.034240414818536300,134.06323078374100,1.5141807,NA,NA
3901,1.2021392041838800,Acne_NL,0.03420749576018220,281.1057395072210,1.2128572,NA,NA
28366,1.2015159152761200,Healthy,-0.034189759750412800,612.4264786107940,7.266323,315,NA
13761,1.1973278139822600,Acne_NL,0.034070585151702000,503.6531776242090,3.9417248,315,NA
13332,1.1938516750283000,Acne_NL,0.03397166981135250,445.287568447737,3.7224839,315,NA
12808,1.1936860591464800,Acne_NL,0.033966957125371300,650.3950054102220,3.7742617,315,NA
5314,1.1915033293785000,Healthy,-0.03390484641554340,274.17683609639200,1.8630841,32,NA
262,1.1874661822446700,Acne_NL,0.03378996729590120,139.05000956014700,0.64196724,315,NA
13554,1.18112036302288,Acne_NL,0.03360939371226910,506.1860736789590,3.898328,119,NA
1067,1.1783442376609600,Healthy,-0.03353039762245090,287.1348249230070,0.6608454,315,NA
19366,1.1738370717728000,Acne_NL,0.03340214387490410,359.11215172185800,5.168798,315,NA
29119,1.1706469997495100,Healthy,-0.0333113687177247,509.69821341206000,7.459997,315,NA
29200,1.1676611187826700,Healthy,-0.03322640392316660,481.27696934379800,7.453196,315,NA
3516,1.1669474333809800,Healthy,-0.03320609563418700,232.1349129614490,1.1303649,434,NA
25998,1.1667106174075800,Healthy,-0.03319935691259970,966.6902846454300,6.53698,315,NA
11333,1.161781617877500,Healthy,-0.03305909966956130,670.2544898387070,3.483966,420,NA
10694,1.1615246383071000,Healthy,-0.03305178718234330,602.2731873719720,3.394869,315,NA
29760,1.1576661959858300,Acne_NL,0.03294199320100870,536.4514702557510,7.5655217,301,NA
12944,1.1572678060319700,Acne_NL,0.03293065680784390,329.13807532953800,3.8449743,56,NA
13558,1.150457653663370,Acne_NL,0.03273687038322310,276.1689625999980,3.899263,NA,NA
24552,1.1492913031925300,Healthy,-0.0327036812744683,316.2843714761300,6.1841865,159,"Suspect related to Massbank:LU100204 2,2'-(Tetradecylimino)diethanol|Tetradecyldiethanolamine (predicted molecular formula SIRIUS: C18H37NO3 / BUDDY: C18H37NO3) with delta m/z 13.979 (putative explanation: Thr->Asp substitution|Tryptophan oxidation to oxolactone|aldehyde and ketone modifications|hydroxylation difference carboxylation|proline oxidation to pyroglutamic acid|Oxidation, epoxidation; atomic difference: -2H,1O|-2H,1O|-2H,1O|-2H,1O|-2H,1O|1O,-2H) [M+H]+"
588,1.1473942932995600,Acne_NL,0.03264970087216150,135.0026750806280,0.61614984,NA,NA
3061,1.1393097852726500,Healthy,-0.03241965199505040,181.1444697838240,1.0016608,NA,NA
22958,1.138469725268270,Acne_NL,0.03239574765107900,304.29947426176300,5.7826486,315,Benzododecinium
1894,1.1373159897471700,Acne_NL,0.03236291750727450,239.10212152772800,0.7867015,315,NA
6387,1.1371855527241000,Acne_NL,0.032359205854000000,234.12331295044800,2.2587798,NA,NA
19886,1.1334012129587800,Acne_NL,0.03225152049940320,369.07314932755600,5.1997027,315,NA
23300,1.132741440822660,Healthy,-0.0322327463404119,578.3515817386080,5.845289,315,NA
10958,1.132033080501260,Healthy,-0.03221258957935900,632.2541345776790,3.3583682,NA,NA
18483,1.1304896563240700,Acne_NL,0.032168670642339500,343.295233459485,4.923852,426,Massbank: Lauramidopropyl betaine|3-(Dodecanoylamino)propyl(carboxymethyl)dimethylammonium|carboxymethyl-[3-(dodecanoylamino)propyl]-dimethylazanium
21047,1.1287256147266500,Healthy,-0.03211847392198090,454.3730760131550,5.3314295,315,NA
3507,1.1279143658803200,Healthy,-0.03209538941448390,244.09429569935500,1.1274244,434,NA
5452,1.1243594618170100,Healthy,-0.03199423277201690,222.0735128597130,1.8406554,315,NA
23046,1.1228904052428100,Acne_NL,0.03195243000378620,374.16670951492500,5.816064,315,NA
2290,1.1202333710521400,Healthy,-0.03187682271513310,290.20773720206200,0.85501355,311,NA
28434,1.1153674733964200,Healthy,-0.03173836106872100,760.5771541194510,7.2957263,315,NA
777,1.1145632497898500,Healthy,-0.03171547646807250,163.12241571894100,0.634317,NA,Massbank:EQ300804 Nicotine|3-[(2S)-1-methylpyrrolidin-2-yl]pyridine|3-[(2S)-1-methyl-2-pyrrolidinyl]pyridine
19547,1.1140929614656800,Acne_NL,0.03170209416941740,425.1202056833900,5.121527,315,NA
30635,1.1136242491840500,Acne_NL,0.03168875671787220,1052.763102588030,7.7623186,315,NA
3670,1.1131224958789700,Healthy,-0.03167447906683430,404.2130177275540,1.168934,NA,"Suspect related to Glu-Val-Arg (predicted molecular formula SIRIUS: unknown / BUDDY: unknown) with delta m/z 0.984 (putative explanation: Asn->Asp substitution|Deamidation|Gln->Glu substitution|Amide hydroxylation; atomic difference: -1H,-1N,1O|-1H,-1N,1O|-1H,-1N,1O|1O,-1N,-1H) [M+H]+"
30368,1.1110632524602800,Healthy,-0.03161588222524650,511.30085048218500,7.7018275,NA,NA
724,1.1052257080038500,Acne_NL,0.03144977186419320,234.13342708773700,0.59145683,315,NA
7438,1.10514313881018,Healthy,-0.03144742231487950,353.12066932978100,2.6370947,315,NA
22811,1.104790857529350,Acne_NL,0.03143739796796660,488.2274795095610,5.694242,46,NA
15963,1.100711658359440,Acne_NL,0.031321322235785000,315.15985142544900,4.384026,449,"Suspect related to NCGC00347453-02!(E)-1,7-bis(4-hydroxyphenyl)hept-4-en-3-one (predicted molecular formula SIRIUS: C19H22O4 / BUDDY: C19H22O4) with delta m/z 18.01 (putative explanation: Proline oxidation to 5-hydroxy-2-aminovaleric acid|water; atomic difference: 2H,1O|2H,1O) [M+H]+"
5411,1.0989405475294400,Healthy,-0.03127092435673980,156.1017515770440,1.8018386,315,NA
29246,1.0967381533905900,Acne_NL,0.03120825408702020,542.3931006088570,7.4077916,315,NA
21521,1.0952024024914000,Healthy,-0.031164553497113300,387.32110617044400,5.518344,315,NA
5117,1.0947261641032700,Healthy,-0.03115100188629640,187.10729405494000,1.6349066,NA,NA
25045,1.0924435975634900,Acne_NL,0.031086050269245800,398.36247414968000,6.2556553,NA,NA
28586,1.092314682949270,Healthy,-0.0310823819369063,578.4366684489080,7.328746,104,NA
32320,1.0897842016211700,Healthy,-0.03101037577572210,769.5449369894840,8.198836,315,NA
18481,1.0868813606864700,Acne_NL,0.03092777392843130,365.27705851655,4.9237275,426,NA
4091,1.0856127758749900,Healthy,-0.030891675688386200,410.1651529109410,1.2901039,NA,NA
20156,1.0817548746363200,Acne_NL,0.03078189710383840,384.2021889224220,5.2218685,315,NA
11637,1.08139802667451,Acne_NL,0.030771742809644900,249.09808603662100,3.4835129,315,"Suspect related to 0055_Triethylcitrate (predicted molecular formula SIRIUS: C10H16O7 / BUDDY: C14H16O2S) with delta m/z -28.031 (putative explanation: Desethylation, didemethylation, dealkylation|Met->Cys substitution|Val->Ala substitution; atomic difference: -2C,-4H|-2C,-4H|-2C,-4H) [M+H]+"
25186,1.078496625208580,Acne_NL,0.030689181923186000,569.3925698339170,6.271285,NA,NA
30543,1.077625194286420,Healthy,-0.030664384903447200,628.4983001031150,7.7696347,315,NA
514,1.074621590733290,Acne_NL,0.030578915803486600,247.13972061422300,0.6096591,NA,NA
20823,1.074242748191070,Healthy,-0.030568135642077800,451.3204289487760,5.373022,315,"Suspect related to Massbank: Myristamidopropyl betaine|carboxymethyl-dimethyl-[3-(tetradecanoylamino)propyl]azanium (predicted molecular formula SIRIUS: unknown / BUDDY: C19H42N6O6) with delta m/z 79.992 (putative explanation: unspecified; atomic difference: 4C,2O) unknown"
29500,1.0731673975506500,Healthy,-0.030537535980786700,711.5035146801430,7.5235953,315,NA
4863,1.0727697350450200,Acne_NL,0.030526220287539200,285.0962598090820,1.7470261,NA,NA
20915,1.072228932072730,Acne_NL,0.030510831457928300,806.581172030262,5.3912516,315,NA
760,1.0673670294073300,Acne_NL,0.030372483491042100,164.127744099482,0.5670571,NA,NA
1804,1.0651837418098100,Acne_NL,0.030310356907884700,253.0814510243320,0.7979822,186,NA
29275,1.06494762058914,Healthy,-0.030303637955847600,510.0328730873740,7.4390464,315,NA
6285,1.0612029118868700,Healthy,-0.030197080323744700,375.1257800035260,2.2182724,6,NA
1363,1.0598029599072600,Acne_NL,0.03015724396266410,209.09184191148000,0.81160235,315,NA
23399,1.0592357036512700,Acne_NL,0.030141102391118800,379.1148999976620,5.6659856,315,NA
24497,1.057234114324180,Acne_NL,0.03008414612666800,612.4111011164030,6.2284913,315,NA
3536,1.056377449011840,Acne_NL,0.030059769270029800,444.2195265460140,1.1308597,NA,NA
4793,1.055575461045940,Acne_NL,0.030036948285697800,206.0788139715500,1.5177475,315,NA
32446,1.0547075046834900,Healthy,-0.030012250136361000,726.0212506664820,8.239667,315,NA
31947,1.0503256723993900,Acne_NL,0.029887562821648800,607.0941429163470,8.07972,315,NA
32256,1.0459741905193100,Acne_NL,0.02976373914345470,792.0594035036930,8.176327,315,NA
31531,1.0447648694428900,Healthy,-0.029729327283787800,612.5043913879100,8.00185,315,NA
17752,1.0438054627864300,Acne_NL,0.02970202686881190,499.2287709284930,4.7491927,315,NA
29065,1.0437878536645600,Healthy,-0.029701525792098300,539.3839194737890,7.456529,315,NA
12429,1.040198161481090,Healthy,-0.02959937923559370,317.0679199120020,3.7019646,11,NA
20210,1.0398633278734400,Acne_NL,0.029589851371288000,353.09914906434300,5.1934366,315,NA
6897,1.0384739701528100,Acne_NL,0.02955031647535220,408.1280085724120,2.4750795,244,NA
32037,1.037613371912590,Healthy,-0.029525827705207100,436.3993863692240,8.10564,315,"Suspect related to Massbank:AU406506 3,6,9,12-Tetraoxatetracosan-1-ol|Tetraethylene glycol monododecyl ether|2-[2-[2-(2-dodecoxyethoxy)ethoxy]ethoxy]ethanol (predicted molecular formula SIRIUS: C24H50O5 / BUDDY: C25H49N5O) with delta m/z 73.089 (putative explanation: unspecified; atomic difference: 4C,11H,1N) [M+H]+"
1413,1.0374177799760100,Acne_NL,0.029520262035010400,243.99014935696300,0.7206946,315,NA
10310,1.0248886437181300,Healthy,-0.029163738951886100,594.3687395612120,3.311139,255,NA
1255,1.0204653417848600,Acne_NL,0.029037871596756300,285.10782359893600,0.7447345,315,NA
7951,1.0196609155573800,Healthy,-0.02901498123042420,278.1596223299420,3.0747843,NA,NA
30630,1.019478021275440,Acne_NL,0.029009776878588500,511.3903143929210,7.7406893,NA,NA
32137,1.01682927796785,Healthy,-0.028934405511322000,563.0679109992630,8.135982,315,NA
11878,1.0164080953658500,Acne_NL,0.028922420541509900,443.1687137631900,3.579514,315,NA
5309,1.0148785435956300,Acne_NL,0.02887889635103930,369.1878534939550,1.7432203,315,NA
29240,1.012282218628900,Healthy,-0.028805016574901700,755.5296230878350,7.470999,315,NA
2153,1.0089689429352900,Acne_NL,0.028710735593259200,285.14408728193600,0.8453334,186,NA
11262,1.0089527086109200,Acne_NL,0.028710273637122700,313.14342805727900,3.4591477,NA,NA
20255,1.0012558612363700,Acne_NL,0.028491255845326800,354.10256366027800,5.270672,315,NA